CompanyCode,CompanyName,IndustryCode,Province
000001,平安银行,广东省,J66
000002,万科A,广东省,K70
000006,深振业A,广东省,K70
000007,*ST 全新,广东省,K70
000008,神州高铁,北京市,C37
000009,中国宝安,广东省,S90
000010,美丽生态,广东省,E48
000011,深物业A,广东省,K70
000012,南玻A,广东省,C30
000014,沙河股份,广东省,K70
000016,深康佳A,广东省,C39
000017,深中华A,广东省,C37
000019,深粮控股,广东省,F51
000020,深华发A,广东省,C39
000021,深科技,广东省,C39
000023,深天地A,广东省,C30
000025,特力A,广东省,F51
000026,飞亚达,广东省,F52
000027,深圳能源,广东省,D44
000028,国药一致,广东省,F51
000029,深深房A,广东省,K70
000030,富奥股份,吉林省,C36
000031,大悦城,广东省,K70
000032,深桑达A,广东省,E49
000034,神州数码,广东省,F51
000035,中国天楹,江苏省,N77
000036,华联控股,广东省,K70
000037,深南电A,广东省,D44
000038,深大通,广东省,L72
000039,中集集团,广东省,C33
000040,东旭蓝天,广东省,D44
000042,中洲控股,广东省,K70
000045,深纺织A,广东省,C39
000046,泛海控股,北京市,J69
000048,京基智农,广东省,C13
000049,德赛电池,广东省,C38
000050,深天马A,广东省,C39
000055,方大集团,广东省,C33
000056,皇庭国际,广东省,L72
000058,深赛格,广东省,L72
000059,华锦股份,辽宁省,C25
000060,中金岭南,广东省,C32
000061,农产品,广东省,L72
000062,深圳华强,广东省,F51
000063,中兴通讯,广东省,C39
000065,北方国际,北京市,E48
000066,中国长城,广东省,C39
000068,华控赛格,广东省,M74
000069,华侨城A,广东省,K70
000070,特发信息,广东省,C38
000078,海王生物,广东省,F52
000088,盐田港,广东省,G54
000089,深圳机场,广东省,G56
000090,天健集团,广东省,E48
000096,广聚能源,广东省,F51
000099,中信海直,广东省,G56
000100,TCL科技,广东省,C39
000151,中成股份,北京市,F51
000153,丰原药业,安徽省,C27
000155,川能动力,四川省,D44
000156,华数传媒,浙江省,R86
000157,中联重科,湖南省,C35
000158,常山北明,河北省,I65
000159,国际实业,新疆维吾尔自治区,F51
000166,申万宏源,新疆维吾尔自治区,J67
000301,东方盛虹,江苏省,C28
000333,美的集团,广东省,C38
000338,潍柴动力,山东省,C36
000400,许继电气,河南省,C38
000401,冀东水泥,河北省,C30
000402,金融街,北京市,K70
000403,派林生物,山西省,C27
000404,长虹华意,江西省,C34
000407,胜利股份,山东省,D45
000408,藏格矿业,青海省,C26
000409,云鼎科技,山东省,I65
000411,英特集团,浙江省,F51
000413,东旭光电,河北省,C39
000415,渤海租赁,新疆维吾尔自治区,L71
000416,民生控股,山东省,J69
000417,合肥百货,安徽省,F52
000419,通程控股,湖南省,F52
000420,吉林化纤,吉林省,C28
000421,南京公用,江苏省,D45
000422,湖北宜化,湖北省,C26
000423,东阿阿胶,山东省,C27
000425,徐工机械,江苏省,C35
000426,兴业矿业,内蒙古自治区,B09
000428,华天酒店,湖南省,H61
000429,粤高速A,广东省,G54
000430,张家界,湖南省,N78
000488,晨鸣纸业,山东省,C22
000498,山东路桥,山东省,E48
000501,鄂武商A,湖北省,F52
000503,国新健康,海南省,I64
000504,南华生物,湖南省,M75
000505,京粮控股,海南省,C13
000506,中润资源,山东省,B09
000507,珠海港,广东省,G55
000509,*ST 华塑,四川省,Q83
000510,新金路,四川省,C26
000513,丽珠集团,广东省,C27
000514,渝开发,重庆市,K70
000516,国际医学,陕西省,Q83
000517,荣安地产,浙江省,K70
000518,四环生物,江苏省,C27
000519,中兵红箭,湖南省,C35
000520,长航凤凰,湖北省,G55
000521,长虹美菱,安徽省,C38
000523,*ST 浪奇,广东省,C26
000524,岭南控股,广东省,L72
000526,学大教育,福建省,P82
000528,柳工,广西壮族自治区,C35
000529,广弘控股,广东省,C13
000530,冰山冷热,辽宁省,C34
000531,穗恒运A,广东省,D44
000532,华金资本,广东省,S90
000533,顺钠股份,广东省,C38
000534,万泽股份,广东省,C27
000536,华映科技,福建省,C39
000537,广宇发展,天津市,K70
000538,云南白药,云南省,C27
000539,粤电力A,广东省,D44
000540,中天金融,贵州省,K70
000541,佛山照明,广东省,C38
000543,皖能电力,安徽省,D44
000544,中原环保,河南省,D46
000545,金浦钛业,吉林省,C26
000546,金圆股份,吉林省,N77
000547,航天发展,福建省,C39
000548,湖南投资,湖南省,G54
000550,江铃汽车,江西省,C36
000551,创元科技,江苏省,S90
000552,靖远煤电,甘肃省,B06
000553,安道麦A,湖北省,C26
000554,泰山石油,山东省,F51
000555,神州信息,广东省,I65
000557,西部创业,宁夏回族自治区,G53
000558,莱茵体育,浙江省,K70
000559,万向钱潮,浙江省,C36
000560,我爱我家,云南省,K70
000561,烽火电子,陕西省,C39
000563,陕国投A,陕西省,J69
000565,渝三峡A,重庆市,C26
000566,海南海药,海南省,C27
000567,海德股份,海南省,J69
000568,泸州老窖,四川省,C15
000570,苏常柴A,江苏省,C34
000572,海马汽车,海南省,C36
000573,粤宏远A,广东省,K70
000576,甘化科工,广东省,C35
000581,威孚高科,江苏省,C36
000582,北部湾港,广西壮族自治区,G55
000584,哈工智能,江苏省,C35
000586,汇源通信,四川省,C39
000589,贵州轮胎,贵州省,C29
000590,启迪药业,湖南省,C27
000591,太阳能,重庆市,D44
000592,平潭发展,福建省,A02
000593,德龙汇能,四川省,D45
000595,宝塔实业,宁夏回族自治区,C34
000596,古井贡酒,安徽省,C15
000597,东北制药,辽宁省,C27
000598,兴蓉环境,四川省,D46
000599,青岛双星,山东省,C29
000600,建投能源,河北省,D44
000601,韶能股份,广东省,D44
000603,盛达资源,北京市,B09
000605,渤海股份,北京市,D46
000607,华媒控股,浙江省,R85
000608,阳光股份,广西壮族自治区,K70
000609,*ST 中迪,北京市,S90
000610,西安旅游,陕西省,N78
000612,焦作万方,河南省,C32
000615,奥园美谷,湖北省,K70
000617,中油资本,新疆维吾尔自治区,J67
000619,海螺型材,安徽省,C29
000620,新华联,北京市,K70
000622,恒立实业,湖南省,C35
000623,吉林敖东,吉林省,C27
000625,长安汽车,重庆市,C36
000626,远大控股,江苏省,F51
000627,天茂集团,湖北省,J68
000628,高新发展,四川省,E47
000629,攀钢钒钛,四川省,C32
000630,铜陵有色,安徽省,C32
000631,顺发恒业,吉林省,K70
000632,三木集团,福建省,F51
000633,合金投资,新疆维吾尔自治区,C32
000635,英力特,宁夏回族自治区,C26
000636,风华高科,广东省,C39
000637,茂化实华,广东省,C25
000638,*ST 万方,吉林省,I65
000639,西王食品,山东省,C13
000650,仁和药业,江西省,C27
000651,格力电器,广东省,C38
000652,泰达股份,天津市,F51
000655,金岭矿业,山东省,B08
000656,金科股份,重庆市,K70
000657,中钨高新,海南省,C32
000659,珠海中富,广东省,C29
000661,长春高新,吉林省,C27
000663,永安林业,福建省,C21
000665,湖北广电,湖北省,R86
000666,经纬纺机,北京市,J67
000667,美好置业,云南省,K70
000668,荣丰控股,山东省,K70
000671,阳光城,福建省,K70
000672,上峰水泥,甘肃省,C30
000676,智度股份,广东省,I64
000677,恒天海龙,山东省,C28
000678,襄阳轴承,湖北省,C34
000679,大连友谊,辽宁省,F52
000680,山推股份,山东省,C35
000681,视觉中国,江苏省,R87
000682,东方电子,山东省,I65
000683,远兴能源,内蒙古自治区,C26
000685,中山公用,广东省,D46
000686,东北证券,吉林省,J67
000688,国城矿业,重庆市,B09
000690,宝新能源,广东省,D44
000691,亚太实业,甘肃省,C26
000692,惠天热电,辽宁省,D44
000695,滨海能源,天津市,C23
000698,沈阳化工,辽宁省,C25
000700,模塑科技,江苏省,C36
000701,厦门信达,福建省,F51
000702,正虹科技,湖南省,C13
000703,恒逸石化,广西壮族自治区,C28
000705,浙江震元,浙江省,F51
000707,*ST 双环,湖北省,C26
000708,中信特钢,湖北省,C31
000709,河钢股份,河北省,C31
000710,贝瑞基因,四川省,M74
000711,京蓝科技,黑龙江省,E48
000712,锦龙股份,广东省,J67
000713,丰乐种业,安徽省,A05
000715,中兴商业,辽宁省,F52
000716,黑芝麻,广西壮族自治区,C14
000717,韶钢松山,广东省,C31
000718,苏宁环球,吉林省,K70
000719,中原传媒,河南省,R85
000720,新能泰山,山东省,K70
000721,西安饮食,陕西省,H62
000722,湖南发展,湖南省,D44
000723,美锦能源,山西省,C25
000725,京东方A,北京市,C39
000726,鲁泰A,山东省,C17
000727,冠捷科技,江苏省,C39
000728,国元证券,安徽省,J67
000729,燕京啤酒,北京市,C15
000731,四川美丰,四川省,C26
000732,泰禾集团,福建省,K70
000733,振华科技,贵州省,C39
000735,罗牛山,海南省,A03
000736,中交地产,重庆市,K70
000737,北方铜业,山西省,C26
000738,航发控制,江苏省,C37
000739,普洛药业,浙江省,C27
000750,国海证券,广西壮族自治区,J67
000751,锌业股份,辽宁省,C32
000753,漳州发展,福建省,F52
000755,山西路桥,山西省,G54
000756,新华制药,山东省,C27
000757,浩物股份,四川省,F52
000758,中色股份,北京市,B09
000759,中百集团,湖北省,F52
000761,本钢板材,辽宁省,C31
000762,西藏矿业,西藏自治区,B08
000766,通化金马,吉林省,C27
000767,晋控电力,山西省,D44
000768,中航西飞,陕西省,C37
000776,广发证券,广东省,J67
000777,中核科技,江苏省,C34
000778,新兴铸管,河北省,C33
000779,甘咨询,甘肃省,M74
000782,美达股份,广东省,C28
000783,长江证券,湖北省,J67
000785,居然之家,湖北省,L72
000786,北新建材,北京市,C30
000788,北大医药,重庆市,C27
000789,万年青,江西省,C30
000790,华神科技,四川省,C27
000791,甘肃电投,甘肃省,D44
000792,盐湖股份,青海省,C26
000793,华闻集团,海南省,R85
000795,英洛华,浙江省,C30
000797,中国武夷,福建省,K70
000798,中水渔业,北京市,A04
000799,酒鬼酒,湖南省,C15
000800,一汽解放,吉林省,C36
000801,四川九洲,四川省,C39
000802,ST 北文,北京市,R86
000803,北清环能,四川省,N77
000807,云铝股份,云南省,C32
000810,创维数字,四川省,C39
000811,冰轮环境,山东省,C34
000812,陕西金叶,陕西省,C23
000813,德展健康,新疆维吾尔自治区,C27
000815,美利云,宁夏回族自治区,C22
000816,智慧农业,江苏省,C34
000818,航锦科技,辽宁省,C26
000819,岳阳兴长,湖南省,C25
000820,*ST 节能,江西省,C42
000821,京山轻机,湖北省,C35
000822,山东海化,山东省,C26
000823,超声电子,广东省,C39
000825,太钢不锈,山西省,C31
000826,启迪环境,湖北省,N77
000828,东莞控股,广东省,G54
000829,天音控股,江西省,F51
000830,鲁西化工,山东省,C26
000831,五矿稀土,山西省,C32
000833,粤桂股份,广西壮族自治区,S90
000836,富通信息,天津市,C38
000837,秦川机床,陕西省,C34
000838,财信发展,重庆市,K70
000848,承德露露,河北省,C15
000850,华茂股份,安徽省,C17
000851,高鸿股份,贵州省,F52
000852,石化机械,湖北省,C35
000856,冀东装备,河北省,C35
000858,五粮液,四川省,C15
000859,国风新材,安徽省,C29
000860,顺鑫农业,北京市,C15
000861,海印股份,广东省,L72
000862,银星能源,宁夏回族自治区,D44
000863,三湘印象,上海市,K70
000868,安凯客车,安徽省,C36
000869,张裕A,山东省,C15
000875,吉电股份,吉林省,D44
000876,新希望,四川省,C13
000877,天山股份,新疆维吾尔自治区,C30
000878,云南铜业,云南省,C32
000880,潍柴重机,山东省,C34
000881,中广核技,辽宁省,C26
000882,华联股份,北京市,L72
000883,湖北能源,湖北省,D44
000885,城发环境,河南省,G54
000886,海南高速,海南省,K70
000887,中鼎股份,安徽省,C29
000888,峨眉山A,四川省,N78
000890,法尔胜,江苏省,C33
000892,欢瑞世纪,重庆市,R86
000893,亚钾国际,广东省,C26
000895,双汇发展,河南省,C13
000897,津滨发展,天津市,K70
000898,鞍钢股份,辽宁省,C31
000899,赣能股份,江西省,D44
000900,现代投资,湖南省,G54
000901,航天科技,黑龙江省,C36
000902,新洋丰,湖北省,C26
000903,云内动力,云南省,C34
000905,厦门港务,福建省,G55
000906,浙商中拓,浙江省,F51
000908,景峰医药,湖南省,C27
000909,数源科技,浙江省,K70
000910,大亚圣象,江苏省,C20
000911,南宁糖业,广西壮族自治区,C13
000912,泸天化,四川省,C26
000913,钱江摩托,浙江省,C37
000915,华特达因,山东省,C27
000917,电广传媒,湖南省,I63
000918,嘉凯城,湖南省,K70
000919,金陵药业,江苏省,C27
000920,沃顿科技,贵州省,C26
000921,海信家电,广东省,C38
000922,佳电股份,黑龙江省,C38
000923,河钢资源,河北省,B08
000925,众合科技,浙江省,C35
000926,福星股份,湖北省,K70
000927,中国铁物,天津市,F51
000928,中钢国际,吉林省,E48
000929,兰州黄河,甘肃省,C15
000930,中粮科技,安徽省,C26
000931,中关村,北京市,C27
000932,华菱钢铁,湖南省,C31
000933,神火股份,河南省,C32
000935,四川双马,四川省,C30
000936,华西股份,江苏省,C28
000937,冀中能源,河北省,B06
000938,紫光股份,北京市,C39
000948,南天信息,云南省,I65
000949,新乡化纤,河南省,C28
000950,重药控股,重庆市,F51
000951,中国重汽,山东省,C36
000952,广济药业,湖北省,C27
000953,河化股份,广西壮族自治区,C27
000955,欣龙控股,海南省,C17
000957,中通客车,山东省,C36
000958,东方能源,河北省,J69
000959,首钢股份,北京市,C31
000960,锡业股份,云南省,C32
000961,中南建设,江苏省,K70
000962,东方钽业,宁夏回族自治区,C32
000963,华东医药,浙江省,F52
000965,天保基建,天津市,K70
000966,长源电力,湖北省,D44
000967,盈峰环境,浙江省,N77
000968,蓝焰控股,山西省,B07
000969,安泰科技,北京市,C33
000970,中科三环,北京市,C39
000973,佛塑科技,广东省,C29
000975,银泰黄金,内蒙古自治区,B09
000976,华铁股份,广东省,C37
000977,浪潮信息,山东省,C39
000978,桂林旅游,广西壮族自治区,N78
000980,*ST 众泰,浙江省,C36
000981,*ST 银亿,甘肃省,C36
000982,中银绒业,宁夏回族自治区,C17
000983,山西焦煤,山西省,B06
000985,大庆华科,黑龙江省,C26
000987,越秀金控,广东省,J69
000988,华工科技,湖北省,C39
000989,九芝堂,湖南省,C27
000990,诚志股份,江西省,C26
000993,闽东电力,福建省,D44
000995,皇台酒业,甘肃省,C15
000996,中国中期,北京市,F51
000997,新大陆,福建省,I65
000998,隆平高科,湖南省,A01
000999,华润三九,广东省,C27
001201,东瑞股份,广东省,A03
001202,炬申股份,广东省,G58
001203,大中矿业,内蒙古自治区,B08
001205,盛航股份,江苏省,G55
001206,依依股份,天津市,C22
001207,联科科技,山东省,C26
001208,华菱线缆,湖南省,C38
001209,洪兴股份,广东省,C18
001210,金房节能,上海市,D44
001211,双枪科技,浙江省,C20
001212,中旗新材,广东省,C30
001213,中铁特货,北京市,G53
001215,千味央厨,河南省,C14
001216,华瓷股份,湖南省,C30
001217,华尔泰,安徽省,C26
001218,丽臣实业,湖南省,C26
001219,青岛食品,山东省,C14
001227,兰州银行,甘肃省,J66
001234,泰慕士,江苏省,C18
001267,汇绿生态,湖北省,E48
001288,运机集团,四川省,C34
001289,龙源电力,北京市,D44
001296,长江材料,重庆市,C30
001313,粤海饲料,广东省,C13
001317,三羊马,重庆市,G58
001696,宗申动力,重庆市,C37
001872,招商港口,广东省,G55
001896,豫能控股,河南省,D44
001914,招商积余,广东省,K70
001965,招商公路,天津市,G54
001979,招商蛇口,广东省,K70
002001,新和成,浙江省,C27
002002,鸿达兴业,江苏省,C26
002003,伟星股份,浙江省,C18
002004,华邦健康,重庆市,C26
002006,精功科技,浙江省,C35
002007,华兰生物,河南省,C27
002008,大族激光,广东省,C35
002009,天奇股份,江苏省,C34
002010,传化智联,浙江省,L72
002011,盾安环境,浙江省,C34
002012,凯恩股份,浙江省,C22
002014,永新股份,安徽省,C29
002015,协鑫能科,江苏省,D44
002016,世荣兆业,广东省,K70
002017,东信和平,广东省,C39
002019,亿帆医药,浙江省,C27
002020,京新药业,浙江省,C27
002022,科华生物,上海市,C27
002023,海特高新,四川省,C37
002025,航天电器,贵州省,C39
002026,山东威达,山东省,C33
002027,分众传媒,广东省,L72
002028,思源电气,上海市,C38
002029,七匹狼,福建省,C18
002030,达安基因,广东省,C27
002031,巨轮智能,广东省,C35
002032,苏泊尔,浙江省,C33
002033,丽江股份,云南省,N78
002034,旺能环境,浙江省,N77
002035,华帝股份,广东省,C38
002036,联创电子,江西省,C39
002037,保利联合,贵州省,C26
002038,双鹭药业,北京市,C27
002039,黔源电力,贵州省,D44
002040,南京港,江苏省,G55
002041,登海种业,山东省,A01
002042,华孚时尚,安徽省,C17
002043,兔宝宝,浙江省,C20
002044,美年健康,江苏省,Q83
002045,国光电器,广东省,C39
002046,国机精工,河南省,C34
002047,宝鹰股份,广东省,E50
002048,宁波华翔,浙江省,C36
002049,紫光国微,河北省,C39
002050,三花智控,浙江省,C34
002051,中工国际,北京市,E48
002053,云南能投,云南省,C14
002054,德美化工,广东省,C26
002055,得润电子,广东省,C39
002056,横店东磁,浙江省,C38
002057,中钢天源,安徽省,C26
002058,*ST 威尔,上海市,C40
002059,云南旅游,云南省,N78
002060,粤水电,广东省,E48
002061,浙江交科,浙江省,E48
002062,宏润建设,浙江省,E48
002063,远光软件,广东省,I65
002064,华峰化学,浙江省,C28
002065,东华软件,北京市,I65
002066,瑞泰科技,北京市,C30
002067,景兴纸业,浙江省,C22
002068,黑猫股份,江西省,C26
002072,*ST 凯瑞,湖北省,I64
002073,软控股份,山东省,C35
002074,国轩高科,安徽省,C38
002075,沙钢股份,江苏省,C31
002077,大港股份,江苏省,C39
002078,太阳纸业,山东省,C22
002079,苏州固锝,江苏省,C39
002080,中材科技,江苏省,C30
002081,金螳螂,江苏省,E50
002082,万邦德,浙江省,C27
002083,孚日股份,山东省,C17
002084,海鸥住工,广东省,C33
002085,万丰奥威,浙江省,C36
002087,新野纺织,河南省,C17
002088,鲁阳节能,山东省,C30
002090,金智科技,江苏省,C38
002091,江苏国泰,江苏省,F51
002092,中泰化学,新疆维吾尔自治区,C26
002093,国脉科技,福建省,I65
002094,青岛金王,山东省,C26
002095,生意宝,浙江省,I64
002096,南岭民爆,湖南省,C26
002097,山河智能,湖南省,C35
002098,浔兴股份,福建省,C41
002099,海翔药业,浙江省,C27
002100,天康生物,新疆维吾尔自治区,C13
002101,广东鸿图,广东省,C36
002103,广博股份,浙江省,L72
002104,恒宝股份,江苏省,C39
002105,信隆健康,广东省,C37
002106,莱宝高科,广东省,C39
002107,沃华医药,山东省,C27
002108,沧州明珠,河北省,C29
002109,兴化股份,陕西省,C26
002110,三钢闽光,福建省,C31
002111,威海广泰,山东省,C35
002112,三变科技,浙江省,C38
002114,罗平锌电,云南省,C32
002115,三维通信,浙江省,L72
002116,中国海诚,上海市,E48
002117,东港股份,山东省,C23
002118,紫鑫药业,吉林省,C27
002119,康强电子,浙江省,C39
002120,韵达股份,浙江省,G60
002121,科陆电子,广东省,C40
002122,ST 天马,浙江省,C34
002123,梦网科技,辽宁省,I65
002124,天邦股份,浙江省,A03
002125,湘潭电化,湖南省,C26
002126,银轮股份,浙江省,C36
002127,南极电商,江苏省,L72
002128,电投能源,内蒙古自治区,B06
002129,中环股份,天津市,C38
002130,沃尔核材,广东省,C39
002131,利欧股份,浙江省,I64
002132,恒星科技,河南省,C33
002133,广宇集团,浙江省,K70
002134,天津普林,天津市,C39
002135,东南网架,浙江省,C33
002136,安纳达,安徽省,C26
002137,实益达,广东省,C39
002138,顺络电子,广东省,C39
002139,拓邦股份,广东省,C38
002140,东华科技,安徽省,E48
002141,贤丰控股,广东省,C38
002142,宁波银行,浙江省,J66
002144,宏达高科,浙江省,C17
002145,中核钛白,甘肃省,C26
002146,荣盛发展,河北省,K70
002148,北纬科技,北京市,I65
002149,西部材料,陕西省,C32
002150,通润装备,江苏省,C33
002151,北斗星通,北京市,C39
002152,广电运通,广东省,C34
002153,石基信息,北京市,I65
002154,报喜鸟,浙江省,C18
002155,湖南黄金,湖南省,B09
002156,通富微电,江苏省,C39
002157,正邦科技,江西省,A03
002158,汉钟精机,上海市,C34
002159,三特索道,湖北省,N78
002160,常铝股份,江苏省,C32
002161,远望谷,广东省,C39
002162,悦心健康,上海市,C30
002163,海南发展,广东省,E50
002164,宁波东力,浙江省,C35
002165,红宝丽,江苏省,C26
002166,莱茵生物,广西壮族自治区,C27
002167,东方锆业,广东省,C32
002168,惠程科技,广东省,I64
002169,智光电气,广东省,C38
002170,芭田股份,广东省,C26
002171,楚江新材,安徽省,C32
002172,澳洋健康,江苏省,C28
002173,创新医疗,浙江省,Q83
002174,游族网络,福建省,I64
002175,*ST 东网,广西壮族自治区,C40
002176,江特电机,江西省,C38
002178,延华智能,上海市,M74
002179,中航光电,河南省,C39
002180,纳思达,广东省,C39
002181,粤传媒,广东省,L72
002182,云海金属,江苏省,C32
002183,怡亚通,广东省,L72
002184,海得控制,上海市,C38
002185,华天科技,甘肃省,C39
002186,全聚德,北京市,H62
002187,广百股份,广东省,F52
002188,*ST 巴士,浙江省,L72
002189,中光学,河南省,C39
002190,成飞集成,四川省,C36
002191,劲嘉股份,广东省,C23
002192,融捷股份,广东省,B09
002193,如意集团,山东省,C17
002194,武汉凡谷,湖北省,C39
002195,二三四五,上海市,I65
002196,方正电机,浙江省,C35
002197,证通电子,广东省,I65
002198,嘉应制药,广东省,C27
002199,东晶电子,浙江省,C39
002201,正威新材,江苏省,C30
002202,金风科技,新疆维吾尔自治区,C34
002203,海亮股份,浙江省,C32
002204,大连重工,辽宁省,C35
002205,国统股份,新疆维吾尔自治区,C30
002206,海利得,浙江省,C28
002207,准油股份,新疆维吾尔自治区,B11
002208,合肥城建,安徽省,K70
002209,达意隆,广东省,C35
002210,飞马国际,广东省,L72
002212,天融信,广东省,I65
002213,大为股份,广东省,C36
002214,大立科技,浙江省,C39
002215,诺普信,广东省,C26
002216,三全食品,河南省,C14
002217,合力泰,福建省,C39
002218,拓日新能,广东省,C38
002219,*ST 恒康,甘肃省,Q83
002221,东华能源,江苏省,F51
002222,福晶科技,福建省,C39
002223,鱼跃医疗,江苏省,C35
002224,三力士,浙江省,C29
002225,濮耐股份,河南省,C30
002226,江南化工,安徽省,C26
002227,奥特迅,广东省,C38
002228,合兴包装,福建省,C22
002229,鸿博股份,福建省,C23
002230,科大讯飞,安徽省,I65
002231,奥维通信,辽宁省,C39
002232,启明信息,吉林省,I65
002233,塔牌集团,广东省,C30
002234,民和股份,山东省,A03
002235,安妮股份,福建省,I64
002236,大华股份,浙江省,C39
002237,恒邦股份,山东省,C32
002238,天威视讯,广东省,I63
002239,奥特佳,江苏省,C36
002240,盛新锂能,四川省,C32
002241,歌尔股份,山东省,C39
002242,九阳股份,山东省,C38
002243,力合科创,广东省,C29
002244,滨江集团,浙江省,K70
002245,蔚蓝锂芯,江苏省,C38
002246,北化股份,四川省,C26
002247,聚力文化,浙江省,I64
002248,华东数控,山东省,C34
002249,大洋电机,广东省,C38
002250,联化科技,浙江省,C26
002251,步步高,湖南省,F52
002252,上海莱士,上海市,C27
002253,川大智胜,四川省,I65
002254,泰和新材,山东省,C28
002255,海陆重工,江苏省,C34
002256,兆新股份,广东省,D44
002258,利尔化学,四川省,C26
002261,拓维信息,湖南省,I65
002262,恩华药业,江苏省,C27
002263,大东南,浙江省,C29
002264,新华都,福建省,F52
002265,西仪股份,云南省,C36
002266,浙富控股,浙江省,N77
002267,陕天然气,陕西省,D45
002268,卫士通,四川省,I65
002269,美邦服饰,上海市,C18
002270,华明装备,山东省,C38
002271,东方雨虹,北京市,C30
002272,川润股份,四川省,C34
002273,水晶光电,浙江省,C39
002274,华昌化工,江苏省,C26
002275,桂林三金,广西壮族自治区,C27
002276,万马股份,浙江省,C38
002277,友阿股份,湖南省,F52
002278,神开股份,上海市,C35
002279,久其软件,北京市,I65
002280,联络互动,浙江省,F52
002281,光迅科技,湖北省,C39
002282,博深股份,河北省,C34
002283,天润工业,山东省,C36
002284,亚太股份,浙江省,C36
002285,世联行,广东省,K70
002286,保龄宝,山东省,C13
002287,奇正藏药,西藏自治区,C27
002288,超华科技,广东省,C39
002289,宇顺电子,广东省,C39
002290,禾盛新材,江苏省,C38
002291,星期六,广东省,C18
002292,奥飞娱乐,广东省,C24
002293,罗莱生活,江苏省,C17
002294,信立泰,广东省,C27
002295,精艺股份,广东省,C32
002296,辉煌科技,河南省,C39
002297,博云新材,湖南省,C30
002298,中电兴发,安徽省,I65
002299,圣农发展,福建省,A03
002300,太阳电缆,福建省,C38
002301,齐心集团,广东省,C24
002302,西部建设,新疆维吾尔自治区,C30
002303,美盈森,广东省,C22
002304,洋河股份,江苏省,C15
002305,南国置业,湖北省,K70
002306,中科云网,北京市,I64
002307,北新路桥,新疆维吾尔自治区,E48
002308,威创股份,广东省,C39
002310,东方园林,北京市,N77
002311,海大集团,广东省,C13
002312,川发龙蟒,四川省,C26
002314,南山控股,广东省,K70
002315,焦点科技,江苏省,I64
002317,众生药业,广东省,C27
002318,久立特材,浙江省,C33
002319,乐通股份,广东省,C26
002320,海峡股份,海南省,G55
002322,理工能科,浙江省,I65
002323,*ST 雅博,山东省,E50
002324,普利特,上海市,C29
002325,洪涛股份,广东省,E50
002326,永太科技,浙江省,C26
002327,富安娜,广东省,C17
002328,新朋股份,上海市,C36
002329,皇氏集团,广西壮族自治区,C14
002330,得利斯,山东省,C13
002331,皖通科技,安徽省,I65
002332,仙琚制药,浙江省,C27
002333,罗普斯金,江苏省,C32
002334,英威腾,广东省,C38
002335,科华数据,福建省,C38
002336,人人乐,广东省,F52
002337,赛象科技,天津市,C35
002338,奥普光电,吉林省,C40
002339,积成电子,山东省,C38
002340,格林美,广东省,C42
002341,新纶新材,广东省,C26
002342,巨力索具,河北省,C33
002343,慈文传媒,浙江省,R86
002344,海宁皮城,浙江省,L72
002345,潮宏基,广东省,C41
002346,柘中股份,上海市,C38
002347,泰尔股份,安徽省,C34
002348,高乐股份,广东省,C24
002349,精华制药,江苏省,C27
002350,北京科锐,北京市,C38
002351,漫步者,广东省,C39
002352,顺丰控股,广东省,G60
002353,杰瑞股份,山东省,C35
002354,天娱数科,辽宁省,I64
002355,兴民智通,山东省,C36
002356,*ST 赫美,广东省,F52
002357,富临运业,四川省,G54
002358,ST 森源,河南省,C38
002360,同德化工,山西省,C26
002361,神剑股份,安徽省,C26
002362,汉王科技,北京市,C39
002363,隆基机械,山东省,C36
002364,中恒电气,浙江省,C38
002365,永安药业,湖北省,C27
002367,康力电梯,江苏省,C34
002368,太极股份,北京市,I65
002369,卓翼科技,广东省,C39
002370,亚太药业,浙江省,C27
002371,北方华创,北京市,C35
002372,伟星新材,浙江省,C29
002373,千方科技,北京市,I65
002374,中锐股份,山东省,C33
002375,亚厦股份,浙江省,E50
002376,新北洋,山东省,C39
002377,国创高新,湖北省,K70
002378,章源钨业,江西省,C32
002379,宏创控股,山东省,C32
002380,科远智慧,江苏省,I65
002381,双箭股份,浙江省,C29
002382,蓝帆医疗,山东省,C35
002383,合众思壮,北京市,C39
002384,东山精密,江苏省,C39
002385,大北农,北京市,C13
002386,天原股份,四川省,C26
002387,维信诺,江苏省,C39
002388,新亚制程,广东省,C39
002389,航天彩虹,浙江省,C39
002390,信邦制药,贵州省,C27
002391,长青股份,江苏省,C26
002392,北京利尔,北京市,C30
002393,力生制药,天津市,C27
002394,联发股份,江苏省,C17
002395,双象股份,江苏省,C29
002396,星网锐捷,福建省,C39
002397,梦洁股份,湖南省,C17
002398,垒知集团,福建省,C26
002399,海普瑞,广东省,C27
002400,省广集团,广东省,L72
002401,中远海科,上海市,I65
002402,和而泰,广东省,C39
002403,爱仕达,浙江省,C33
002404,嘉欣丝绸,浙江省,C18
002405,四维图新,北京市,I65
002406,远东传动,河南省,C36
002407,多氟多,河南省,C26
002408,齐翔腾达,山东省,C26
002409,雅克科技,江苏省,C26
002410,广联达,北京市,I65
002412,汉森制药,湖南省,C27
002413,雷科防务,江苏省,C39
002414,高德红外,湖北省,C39
002415,海康威视,浙江省,C39
002416,爱施德,广东省,F51
002418,康盛股份,浙江省,C34
002419,天虹股份,广东省,F52
002420,毅昌科技,广东省,C29
002421,达实智能,广东省,I65
002422,科伦药业,四川省,C27
002423,中粮资本,河南省,J69
002424,贵州百灵,贵州省,C27
002425,凯撒文化,广东省,I64
002426,胜利精密,江苏省,C39
002428,云南锗业,云南省,C32
002429,兆驰股份,广东省,C39
002430,杭氧股份,浙江省,C35
002431,棕榈股份,河南省,E48
002432,九安医疗,天津市,C35
002434,万里扬,浙江省,C36
002435,长江健康,江苏省,C27
002436,兴森科技,广东省,C39
002437,誉衡药业,黑龙江省,C27
002438,江苏神通,江苏省,C34
002439,启明星辰,北京市,I65
002440,闰土股份,浙江省,C26
002441,众业达,广东省,F51
002442,龙星化工,河北省,C26
002443,金洲管道,浙江省,C33
002444,巨星科技,浙江省,C33
002445,中南文化,江苏省,R86
002446,盛路通信,广东省,C39
002448,中原内配,河南省,C36
002449,国星光电,广东省,C39
002451,摩恩电气,上海市,C38
002452,长高集团,湖南省,C38
002453,华软科技,江苏省,I65
002454,松芝股份,上海市,C36
002455,百川股份,江苏省,C26
002456,欧菲光,广东省,C39
002457,青龙管业,宁夏回族自治区,C30
002458,益生股份,山东省,A03
002459,晶澳科技,河北省,C38
002460,赣锋锂业,江西省,C32
002461,珠江啤酒,广东省,C15
002462,嘉事堂,北京市,F51
002463,沪电股份,江苏省,C39
002465,海格通信,广东省,C39
002466,天齐锂业,四川省,C32
002467,二六三,北京市,I64
002468,申通快递,浙江省,G60
002469,三维化学,山东省,C26
002471,中超控股,江苏省,C38
002472,双环传动,浙江省,C34
002474,榕基软件,福建省,I65
002475,立讯精密,广东省,C39
002476,宝莫股份,山东省,C26
002478,常宝股份,江苏省,C33
002479,富春环保,浙江省,D44
002480,新筑股份,四川省,C34
002481,双塔食品,山东省,C14
002483,润邦股份,江苏省,C34
002484,江海股份,江苏省,C39
002486,嘉麟杰,上海市,C18
002487,大金重工,辽宁省,C33
002488,金固股份,浙江省,C36
002489,浙江永强,浙江省,C21
002490,山东墨龙,山东省,C35
002491,通鼎互联,江苏省,C38
002492,恒基达鑫,广东省,G59
002493,荣盛石化,浙江省,C28
002494,华斯股份,河北省,C19
002495,佳隆股份,广东省,C14
002496,ST 辉丰,江苏省,C26
002497,雅化集团,四川省,C26
002498,汉缆股份,山东省,C38
002500,山西证券,山西省,J67
002501,*ST 利源,吉林省,C32
002502,鼎龙文化,广东省,R86
002503,搜于特,广东省,C18
002505,鹏都农牧,湖南省,F51
002506,协鑫集成,上海市,C39
002507,涪陵榨菜,重庆市,C14
002508,老板电器,浙江省,C38
002510,天汽模,天津市,C36
002511,中顺洁柔,广东省,C22
002512,达华智能,福建省,C39
002513,蓝丰生化,江苏省,C26
002514,宝馨科技,江苏省,C33
002515,金字火腿,浙江省,C13
002516,旷达科技,江苏省,C17
002517,恺英网络,福建省,I64
002518,科士达,广东省,C38
002519,银河电子,江苏省,C39
002520,日发精机,浙江省,C34
002521,齐峰新材,山东省,C22
002522,浙江众成,浙江省,C29
002523,天桥起重,湖南省,C34
002524,光正眼科,新疆维吾尔自治区,Q83
002526,山东矿机,山东省,C35
002527,新时达,上海市,C38
002528,英飞拓,广东省,C39
002529,海源复材,江西省,C34
002530,金财互联,江苏省,I64
002531,天顺风能,江苏省,C38
002532,天山铝业,浙江省,C32
002533,金杯电工,湖南省,C38
002534,西子洁能,浙江省,C34
002536,飞龙股份,河南省,C36
002537,海联金汇,山东省,C34
002538,司尔特,安徽省,C26
002539,云图控股,四川省,C26
002540,亚太科技,江苏省,C32
002541,鸿路钢构,安徽省,C33
002542,中化岩土,北京市,E48
002543,万和电气,广东省,C38
002544,杰赛科技,广东省,I65
002545,东方铁塔,山东省,C33
002546,新联电子,江苏省,C38
002547,春兴精工,江苏省,C33
002548,金新农,广东省,C13
002549,凯美特气,湖南省,N77
002550,千红制药,江苏省,C27
002551,尚荣医疗,广东省,C35
002552,宝鼎科技,浙江省,C34
002553,南方轴承,江苏省,C34
002554,惠博普,湖南省,B11
002555,三七互娱,安徽省,I64
002556,辉隆股份,安徽省,F52
002557,洽洽食品,安徽省,C13
002558,巨人网络,重庆市,I64
002559,亚威股份,江苏省,C34
002560,通达股份,河南省,C38
002561,徐家汇,上海市,F52
002562,兄弟科技,浙江省,C27
002563,森马服饰,浙江省,C18
002564,天沃科技,江苏省,E48
002565,顺灏股份,上海市,C22
002566,益盛药业,吉林省,C27
002567,唐人神,湖南省,C13
002568,百润股份,上海市,C15
002570,贝因美,浙江省,C14
002571,德力股份,安徽省,C30
002572,索菲亚,广东省,C21
002573,清新环境,北京市,N77
002574,明牌珠宝,浙江省,C24
002575,*ST 群兴,广东省,C24
002576,通达动力,江苏省,C38
002577,雷柏科技,广东省,C39
002578,闽发铝业,福建省,C32
002579,中京电子,广东省,C39
002580,圣阳股份,山东省,C38
002581,未名医药,山东省,C27
002582,好想你,河南省,C13
002583,海能达,广东省,C39
002584,西陇科学,广东省,C26
002585,双星新材,江苏省,C29
002587,奥拓电子,广东省,C39
002588,史丹利,山东省,C26
002589,瑞康医药,山东省,F51
002590,万安科技,浙江省,C36
002591,恒大高新,江西省,C26
002593,日上集团,福建省,C36
002594,比亚迪,广东省,C36
002595,豪迈科技,山东省,C35
002596,海南瑞泽,海南省,C30
002597,金禾实业,安徽省,C14
002598,山东章鼓,山东省,C34
002599,盛通股份,北京市,C23
002600,领益智造,广东省,C39
002601,龙佰集团,河南省,C26
002602,世纪华通,浙江省,I65
002603,以岭药业,河北省,C27
002605,姚记科技,上海市,I64
002606,大连电瓷,辽宁省,C38
002607,中公教育,安徽省,P82
002608,江苏国信,江苏省,D44
002609,捷顺科技,广东省,I65
002610,爱康科技,江苏省,C38
002611,东方精工,广东省,C35
002612,朗姿股份,北京市,C18
002613,北玻股份,河南省,C35
002614,奥佳华,福建省,C38
002615,哈尔斯,浙江省,C33
002616,长青集团,广东省,N77
002617,露笑科技,浙江省,C38
002620,瑞和股份,广东省,E50
002621,美吉姆,辽宁省,P82
002622,融钰集团,吉林省,C38
002623,亚玛顿,江苏省,C30
002624,完美世界,浙江省,I64
002625,光启技术,广东省,C37
002626,金达威,福建省,C14
002627,三峡旅游,湖北省,G54
002628,成都路桥,四川省,E48
002629,仁智股份,浙江省,B11
002630,华西能源,四川省,C34
002631,德尔未来,江苏省,C20
002632,道明光学,浙江省,C26
002633,申科股份,浙江省,C34
002634,棒杰股份,浙江省,C18
002635,安洁科技,江苏省,C39
002636,金安国纪,上海市,C39
002637,赞宇科技,浙江省,C26
002638,勤上股份,广东省,C38
002639,雪人股份,福建省,C34
002640,*ST 跨境,山西省,F52
002641,公元股份,浙江省,C29
002642,荣联科技,北京市,I65
002643,万润股份,山东省,C26
002644,佛慈制药,甘肃省,C27
002645,华宏科技,江苏省,C35
002646,天佑德酒,青海省,C15
002647,仁东控股,浙江省,J69
002648,卫星化学,浙江省,C26
002649,博彦科技,北京市,I65
002650,加加食品,湖南省,C14
002651,利君股份,四川省,C35
002652,扬子新材,江苏省,C33
002653,海思科,西藏自治区,C27
002654,万润科技,广东省,L72
002655,共达电声,山东省,C39
002657,中科金财,北京市,I65
002658,雪迪龙,北京市,C40
002659,凯文教育,北京市,P82
002660,茂硕电源,广东省,C39
002661,克明食品,湖南省,C14
002662,京威股份,北京市,C36
002663,普邦股份,广东省,E48
002664,长鹰信质,浙江省,C36
002665,首航高科,甘肃省,C38
002666,德联集团,广东省,C26
002667,鞍重股份,辽宁省,C35
002668,ST 奥马,广东省,C38
002669,康达新材,上海市,C26
002670,国盛金控,广东省,J67
002671,龙泉股份,山东省,C30
002672,东江环保,广东省,C42
002673,西部证券,陕西省,J67
002674,兴业科技,福建省,C19
002675,东诚药业,山东省,C27
002676,顺威股份,广东省,C29
002677,浙江美大,浙江省,C38
002678,珠江钢琴,广东省,C24
002679,福建金森,福建省,A02
002681,奋达科技,广东省,C39
002682,龙洲股份,福建省,G54
002683,广东宏大,广东省,B11
002685,华东重机,江苏省,C34
002686,亿利达,浙江省,C34
002687,乔治白,浙江省,C18
002688,金河生物,内蒙古自治区,C27
002689,远大智能,辽宁省,C34
002690,美亚光电,安徽省,C35
002691,冀凯股份,河北省,C35
002693,双成药业,海南省,C27
002694,顾地科技,湖北省,C29
002695,煌上煌,江西省,C13
002696,百洋股份,广西壮族自治区,A04
002697,红旗连锁,四川省,F52
002698,博实股份,黑龙江省,C35
002701,奥瑞金,北京市,C33
002702,海欣食品,福建省,C13
002703,浙江世宝,浙江省,C36
002705,新宝股份,广东省,C38
002706,良信股份,上海市,C38
002707,众信旅游,北京市,L72
002708,光洋股份,江苏省,C36
002709,天赐材料,广东省,C26
002712,思美传媒,浙江省,L72
002713,东易日盛,北京市,E50
002714,牧原股份,河南省,A03
002715,登云股份,广东省,C36
002716,金贵银业,湖南省,C32
002717,岭南股份,广东省,N77
002718,友邦吊顶,浙江省,C41
002719,麦趣尔,新疆维吾尔自治区,C14
002721,金一文化,北京市,C24
002722,金轮股份,江苏省,C33
002723,金莱特,广东省,C38
002724,海洋王,广东省,C38
002725,跃岭股份,浙江省,C36
002726,龙大美食,山东省,C13
002727,一心堂,云南省,F52
002728,特一药业,广东省,C27
002729,好利科技,福建省,C39
002730,电光科技,浙江省,C35
002731,萃华珠宝,辽宁省,C24
002732,燕塘乳业,广东省,C14
002733,雄韬股份,广东省,C38
002734,利民股份,江苏省,C26
002735,王子新材,广东省,C29
002736,国信证券,广东省,J67
002737,葵花药业,黑龙江省,C27
002738,中矿资源,北京市,C32
002739,万达电影,北京市,R86
002741,光华科技,广东省,C26
002743,富煌钢构,安徽省,C33
002745,木林森,广东省,C38
002746,仙坛股份,山东省,C13
002747,埃斯顿,江苏省,C40
002748,世龙实业,江西省,C26
002749,国光股份,四川省,C26
002750,龙津药业,云南省,C27
002752,昇兴股份,福建省,C33
002753,永东股份,山西省,C26
002755,奥赛康,北京市,C27
002756,永兴材料,浙江省,C31
002757,南兴股份,广东省,C35
002758,浙农股份,浙江省,F51
002759,天际股份,广东省,C38
002760,凤形股份,安徽省,C33
002761,浙江建投,浙江省,E48
002762,金发拉比,广东省,C18
002763,汇洁股份,广东省,C18
002765,蓝黛科技,重庆市,C36
002766,*ST 索菱,广东省,C39
002767,先锋电子,浙江省,C40
002768,国恩股份,山东省,C29
002769,普路通,广东省,L72
002771,真视通,北京市,I65
002772,众兴菌业,甘肃省,A01
002773,康弘药业,四川省,C27
002774,快意电梯,广东省,C34
002775,文科园林,广东省,E48
002777,久远银海,四川省,I65
002778,中晟高科,江苏省,C25
002779,中坚科技,浙江省,C35
002780,三夫户外,北京市,F52
002782,可立克,广东省,C39
002783,凯龙股份,湖北省,C26
002785,万里石,福建省,C30
002786,银宝山新,广东省,C35
002787,华源控股,江苏省,C33
002788,鹭燕医药,福建省,F51
002789,建艺集团,广东省,E50
002790,瑞尔特,福建省,C29
002791,坚朗五金,广东省,C33
002792,通宇通讯,广东省,C39
002793,罗欣药业,浙江省,C27
002795,永和智控,浙江省,C34
002796,世嘉科技,江苏省,C39
002797,第一创业,广东省,J67
002798,帝欧家居,四川省,C30
002799,环球印务,陕西省,C22
002800,天顺股份,新疆维吾尔自治区,G54
002801,微光股份,浙江省,C38
002802,洪汇新材,江苏省,C26
002803,吉宏股份,福建省,I64
002805,丰元股份,山东省,C26
002806,华锋股份,广东省,C39
002807,江阴银行,江苏省,J66
002808,恒久科技,江苏省,C34
002809,红墙股份,广东省,C26
002810,山东赫达,山东省,C26
002811,郑中设计,广东省,E50
002812,恩捷股份,云南省,C29
002813,路畅科技,广东省,C39
002815,崇达技术,广东省,C39
002816,和科达,广东省,C34
002817,黄山胶囊,安徽省,C27
002818,富森美,四川省,L72
002819,东方中科,北京市,F51
002820,桂发祥,天津市,C14
002821,凯莱英,天津市,C27
002822,中装建设,广东省,E50
002823,凯中精密,广东省,C38
002824,和胜股份,广东省,C32
002825,纳尔股份,上海市,C29
002826,易明医药,西藏自治区,C27
002827,高争民爆,西藏自治区,C26
002828,贝肯能源,新疆维吾尔自治区,B11
002829,星网宇达,北京市,C39
002830,名雕股份,广东省,E50
002831,裕同科技,广东省,C22
002832,比音勒芬,广东省,C18
002833,弘亚数控,广东省,C35
002835,同为股份,广东省,C39
002836,新宏泽,广东省,C23
002837,英维克,广东省,C35
002838,道恩股份,山东省,C29
002839,张家港行,江苏省,J66
002840,华统股份,浙江省,C13
002841,视源股份,广东省,C39
002842,翔鹭钨业,广东省,C32
002843,泰嘉股份,湖南省,C33
002845,同兴达,广东省,C39
002846,英联股份,广东省,C33
002847,盐津铺子,湖南省,C14
002848,高斯贝尔,湖南省,C39
002849,威星智能,浙江省,C40
002850,科达利,广东省,C33
002851,麦格米特,广东省,C38
002852,道道全,湖南省,C13
002853,皮阿诺,广东省,C21
002855,捷荣技术,广东省,C39
002856,美芝股份,广东省,E50
002857,三晖电气,河南省,C40
002858,力盛赛车,上海市,R88
002859,洁美科技,浙江省,C39
002860,星帅尔,浙江省,C38
002861,瀛通通讯,湖北省,C39
002862,实丰文化,广东省,C24
002863,今飞凯达,浙江省,C36
002864,盘龙药业,陕西省,C27
002865,钧达股份,海南省,C36
002866,传艺科技,江苏省,C39
002867,周大生,广东省,C41
002868,绿康生化,福建省,C27
002869,金溢科技,广东省,C39
002870,香山股份,广东省,C36
002871,伟隆股份,山东省,C34
002873,新天药业,贵州省,C27
002875,安奈儿,广东省,C18
002876,三利谱,广东省,C39
002877,智能自控,江苏省,C40
002878,元隆雅图,北京市,L72
002879,长缆科技,湖南省,C38
002880,卫光生物,广东省,C27
002881,美格智能,广东省,C39
002882,金龙羽,广东省,C38
002883,中设股份,江苏省,M74
002884,凌霄泵业,广东省,C34
002885,京泉华,广东省,C39
002886,沃特股份,广东省,C29
002887,绿茵生态,天津市,N77
002888,惠威科技,广东省,C39
002889,东方嘉盛,广东省,L72
002890,弘宇股份,山东省,C35
002891,中宠股份,山东省,C13
002892,科力尔,湖南省,C38
002893,华通热力,北京市,D44
002895,川恒股份,贵州省,C26
002896,中大力德,浙江省,C34
002897,意华股份,浙江省,C39
002898,赛隆药业,广东省,C27
002899,英派斯,山东省,C24
002900,哈三联,黑龙江省,C27
002901,大博医疗,福建省,C35
002902,铭普光磁,广东省,C39
002903,宇环数控,湖南省,C34
002905,金逸影视,广东省,R86
002906,华阳集团,广东省,C39
002907,华森制药,重庆市,C27
002908,德生科技,广东省,I65
002909,集泰股份,广东省,C26
002910,庄园牧场,甘肃省,C14
002911,佛燃能源,广东省,D45
002912,中新赛克,广东省,I65
002913,奥士康,湖南省,C39
002915,中欣氟材,浙江省,C26
002916,深南电路,广东省,C39
002917,金奥博,广东省,C26
002918,蒙娜丽莎,广东省,C30
002919,名臣健康,广东省,C26
002920,德赛西威,广东省,C36
002921,联诚精密,山东省,C33
002922,伊戈尔,广东省,C38
002923,润都股份,广东省,C27
002925,盈趣科技,福建省,C39
002926,华西证券,四川省,J67
002927,泰永长征,贵州省,C38
002928,华夏航空,贵州省,G56
002929,润建股份,广西壮族自治区,I65
002930,宏川智慧,广东省,G59
002931,锋龙股份,浙江省,C35
002932,明德生物,湖北省,C27
002933,新兴装备,北京市,C37
002935,天奥电子,四川省,C39
002936,郑州银行,河南省,J66
002937,兴瑞科技,浙江省,C39
002938,鹏鼎控股,广东省,C39
002939,长城证券,广东省,J67
002940,昂利康,浙江省,C27
002941,新疆交建,新疆维吾尔自治区,E48
002942,新农股份,浙江省,C26
002943,宇晶股份,湖南省,C34
002945,华林证券,西藏自治区,J67
002946,新乳业,四川省,C14
002947,恒铭达,江苏省,C39
002948,青岛银行,山东省,J66
002949,华阳国际,广东省,M74
002950,奥美医疗,湖北省,C35
002951,金时科技,四川省,C23
002952,亚世光电,辽宁省,C39
002953,日丰股份,广东省,C38
002955,鸿合科技,北京市,C39
002956,西麦食品,广西壮族自治区,C14
002957,科瑞技术,广东省,C35
002958,青农商行,山东省,J66
002959,小熊电器,广东省,C38
002960,青鸟消防,河北省,C39
002961,瑞达期货,福建省,J67
002962,五方光电,湖北省,C39
002963,豪尔赛,北京市,E50
002965,祥鑫科技,广东省,C33
002966,苏州银行,江苏省,J66
002967,广电计量,广东省,M74
002968,新大正,重庆市,K70
002969,嘉美包装,安徽省,C33
002970,锐明技术,广东省,I65
002971,和远气体,湖北省,C26
002972,科安达,广东省,C39
002973,侨银股份,广东省,N78
002975,博杰股份,广东省,C35
002976,瑞玛精密,江苏省,C33
002977,天箭科技,四川省,C39
002978,安宁股份,四川省,B09
002979,雷赛智能,广东省,C40
002980,华盛昌,广东省,C40
002981,朝阳科技,广东省,C39
002982,湘佳股份,湖南省,A03
002983,芯瑞达,安徽省,C39
002984,森麒麟,山东省,C29
002985,北摩高科,北京市,C37
002986,宇新股份,湖南省,C26
002987,京北方,北京市,I65
002988,豪美新材,广东省,C32
002989,中天精装,广东省,E50
002990,盛视科技,广东省,I65
002991,甘源食品,江西省,C13
002992,宝明科技,广东省,C39
002993,奥海科技,广东省,C39
002995,天地在线,北京市,I64
002996,顺博合金,重庆市,C42
002997,瑞鹄模具,安徽省,C35
002998,优彩资源,江苏省,C28
002999,天禾股份,广东省,F52
003000,劲仔食品,湖南省,C13
003001,中岩大地,北京市,E48
003002,壶化股份,山西省,C26
003003,天元股份,广东省,C23
003004,声迅股份,北京市,I65
003005,竞业达,北京市,I65
003006,百亚股份,重庆市,C22
003007,直真科技,北京市,I65
003008,开普检测,河南省,M74
003009,中天火箭,陕西省,C37
003010,若羽臣,广东省,I64
003011,海象新材,浙江省,C29
003012,东鹏控股,广东省,C30
003013,地铁设计,广东省,M74
003015,日久光电,江苏省,C39
003016,欣贺股份,福建省,C18
003017,大洋生物,浙江省,C26
003018,金富科技,广东省,C29
003019,宸展光电,福建省,C39
003020,立方制药,安徽省,F51
003021,兆威机电,广东省,C38
003022,联泓新科,山东省,C26
003023,彩虹集团,四川省,C38
003025,思进智能,浙江省,C34
003026,中晶科技,浙江省,C39
003027,同兴环保,安徽省,N77
003028,振邦智能,广东省,C39
003029,吉大正元,吉林省,I65
003030,祖名股份,浙江省,C13
003031,中瓷电子,河北省,C39
003032,传智教育,江苏省,P82
003033,征和工业,山东省,C34
003035,南网能源,广东省,M75
003036,泰坦股份,浙江省,C35
003037,三和管桩,广东省,C30
003038,鑫铂股份,安徽省,C32
003039,顺控发展,广东省,D46
003040,楚天龙,广东省,C39
003041,真爱美家,浙江省,C17
003042,中农联合,山东省,C26
003043,华亚智能,江苏省,C33
003816,中国广核,广东省,D44
200054,建车B,重庆市,C37
200468,宁通信B,江苏省,C39
200512,闽灿坤B,福建省,C38
200706,瓦轴B,辽宁省,C34
200771,杭汽轮B,浙江省,C34
200992,中鲁B,山东省,A04
300001,特锐德,山东省,C38
300002,神州泰岳,北京市,I65
300003,乐普医疗,北京市,C35
300004,南风股份,广东省,C34
300005,探路者,北京市,C18
300006,莱美药业,重庆市,C27
300007,汉威科技,河南省,C40
300008,天海防务,上海市,E48
300009,安科生物,安徽省,C27
300010,豆神教育,北京市,I65
300011,鼎汉技术,北京市,C37
300012,华测检测,广东省,M74
300013,新宁物流,江苏省,G59
300014,亿纬锂能,广东省,C38
300015,爱尔眼科,湖南省,Q83
300016,北陆药业,北京市,C27
300017,网宿科技,上海市,I65
300018,中元股份,湖北省,C38
300019,硅宝科技,四川省,C26
300020,银江技术,浙江省,I65
300021,大禹节水,甘肃省,C29
300022,吉峰科技,四川省,F52
300024,机器人,辽宁省,C34
300025,华星创业,浙江省,I65
300026,红日药业,天津市,C27
300027,华谊兄弟,浙江省,R86
300030,阳普医疗,广东省,C35
300031,宝通科技,江苏省,I64
300032,金龙机电,浙江省,C38
300033,同花顺,浙江省,J69
300034,钢研高纳,北京市,C32
300035,中科电气,湖南省,C38
300036,超图软件,北京市,I65
300037,新宙邦,广东省,C26
300039,上海凯宝,上海市,C27
300040,九洲集团,黑龙江省,C38
300041,回天新材,湖北省,C26
300042,朗科科技,广东省,C39
300043,星辉娱乐,广东省,I64
300044,*ST 赛为,广东省,I65
300045,华力创通,北京市,C39
300046,台基股份,湖北省,C39
300047,天源迪科,广东省,I65
300048,合康新能,北京市,C38
300049,福瑞股份,内蒙古自治区,C35
300050,世纪鼎利,广东省,I65
300051,ST 三五,福建省,I65
300052,中青宝,广东省,I64
300053,欧比特,广东省,C39
300054,鼎龙股份,湖北省,C26
300055,万邦达,北京市,E48
300056,中创环保,福建省,C35
300057,万顺新材,广东省,C32
300058,蓝色光标,北京市,L72
300059,东方财富,上海市,J67
300061,旗天科技,上海市,L72
300062,中能电气,福建省,C38
300063,天龙集团,广东省,L72
300065,海兰信,北京市,C39
300066,三川智慧,江西省,C40
300067,安诺其,上海市,C26
300068,南都电源,浙江省,C38
300069,金利华电,山西省,C38
300070,碧水源,北京市,N77
300071,*ST 嘉信,北京市,L72
300072,三聚环保,北京市,C26
300073,当升科技,北京市,C38
300074,华平股份,上海市,I65
300075,数字政通,北京市,I65
300076,GQY视讯,浙江省,C39
300077,国民技术,广东省,C39
300078,思创医惠,浙江省,C39
300079,数码视讯,北京市,C39
300080,易成新能,河南省,C30
300081,恒信东方,北京市,M74
300082,奥克股份,辽宁省,C26
300083,创世纪,广东省,C34
300084,海默科技,甘肃省,B11
300085,银之杰,广东省,I65
300086,康芝药业,海南省,C27
300087,荃银高科,安徽省,A01
300088,长信科技,安徽省,C39
300091,金通灵,江苏省,C34
300092,科新机电,四川省,C35
300093,金刚玻璃,广东省,C30
300094,国联水产,广东省,C13
300095,华伍股份,江西省,C35
300096,易联众,福建省,I65
300097,智云股份,辽宁省,C35
300098,高新兴,广东省,I65
300099,精准信息,山东省,C35
300100,双林股份,浙江省,C36
300101,振芯科技,四川省,C39
300102,乾照光电,福建省,C39
300103,达刚控股,陕西省,N77
300105,龙源技术,山东省,C38
300106,西部牧业,新疆维吾尔自治区,A03
300107,建新股份,河北省,C26
300109,新开源,河南省,C26
300110,华仁药业,山东省,C27
300111,向日葵,浙江省,C27
300112,万讯自控,广东省,C40
300113,顺网科技,浙江省,I64
300114,中航电测,陕西省,C39
300115,长盈精密,广东省,C39
300116,保力新,陕西省,C38
300117,嘉寓股份,北京市,E50
300118,东方日升,浙江省,C38
300119,瑞普生物,天津市,C27
300120,经纬辉开,天津市,C39
300121,阳谷华泰,山东省,C26
300122,智飞生物,重庆市,C27
300123,亚光科技,湖南省,C37
300124,汇川技术,广东省,C38
300125,聆达股份,辽宁省,C38
300126,锐奇股份,上海市,C34
300127,银河磁体,四川省,C39
300128,锦富技术,江苏省,C39
300129,泰胜风能,上海市,C38
300130,新国都,广东省,C35
300131,英唐智控,广东省,F51
300132,青松股份,福建省,C26
300133,华策影视,浙江省,R86
300134,大富科技,安徽省,C39
300135,宝利国际,江苏省,C26
300136,信维通信,广东省,C39
300137,先河环保,河北省,C40
300138,晨光生物,河北省,C13
300139,晓程科技,北京市,C39
300140,中环装备,陕西省,C35
300141,和顺电气,江苏省,C38
300142,沃森生物,云南省,C27
300143,盈康生命,山东省,Q83
300144,宋城演艺,浙江省,R87
300145,中金环境,浙江省,C34
300146,汤臣倍健,广东省,C14
300147,香雪制药,广东省,C27
300148,天舟文化,湖南省,I64
300149,睿智医药,广东省,M73
300150,世纪瑞尔,北京市,I65
300151,昌红科技,广东省,C35
300152,科融环境,河北省,N77
300153,科泰电源,上海市,C38
300154,瑞凌股份,广东省,C34
300155,安居宝,广东省,C39
300157,恒泰艾普,北京市,B11
300158,振东制药,山西省,C27
300160,秀强股份,江苏省,C30
300161,华中数控,湖北省,C34
300162,雷曼光电,广东省,C39
300163,先锋新材,浙江省,C17
300164,通源石油,陕西省,B11
300165,天瑞仪器,江苏省,C40
300166,东方国信,北京市,I65
300167,迪威迅,广东省,I65
300168,万达信息,上海市,I65
300169,天晟新材,江苏省,C29
300170,汉得信息,上海市,I65
300171,东富龙,上海市,C35
300172,中电环保,江苏省,N77
300173,福能东方,广东省,C35
300174,元力股份,福建省,C26
300175,朗源股份,山东省,C13
300176,派生科技,广东省,C36
300177,中海达,广东省,C39
300179,四方达,河南省,C30
300180,华峰超纤,上海市,C29
300181,佐力药业,浙江省,C27
300182,捷成股份,北京市,R86
300183,东软载波,山东省,I65
300184,力源信息,湖北省,F51
300185,通裕重工,山东省,C34
300187,永清环保,湖南省,N77
300188,美亚柏科,福建省,I65
300189,神农科技,海南省,A01
300190,维尔利,江苏省,N77
300191,潜能恒信,北京市,B11
300192,科德教育,江苏省,P82
300193,佳士科技,广东省,C34
300194,福安药业,重庆市,C27
300195,长荣股份,天津市,C35
300196,长海股份,江苏省,C30
300197,节能铁汉,广东省,N77
300198,纳川股份,福建省,C29
300199,翰宇药业,广东省,C27
300200,高盟新材,北京市,C26
300203,聚光科技,浙江省,C40
300204,舒泰神,北京市,C27
300205,天喻信息,湖北省,C39
300206,理邦仪器,广东省,C35
300207,欣旺达,广东省,C38
300208,青岛中程,山东省,C38
300209,天泽信息,湖南省,F52
300210,森远股份,辽宁省,C35
300211,亿通科技,江苏省,C39
300212,易华录,北京市,I65
300213,佳讯飞鸿,北京市,C39
300214,日科化学,山东省,C26
300215,电科院,江苏省,M74
300217,东方电热,江苏省,C38
300218,安利股份,安徽省,C29
300219,鸿利智汇,广东省,C39
300220,金运激光,湖北省,C39
300221,银禧科技,广东省,C29
300222,科大智能,上海市,C38
300223,北京君正,北京市,C39
300224,正海磁材,山东省,C30
300225,金力泰,上海市,C26
300226,上海钢联,上海市,I64
300227,光韵达,广东省,C39
300228,富瑞特装,江苏省,C35
300229,拓尔思,北京市,I65
300230,永利股份,上海市,C29
300231,银信科技,北京市,I65
300232,洲明科技,广东省,C39
300233,金城医药,山东省,C27
300234,开尔新材,浙江省,C30
300235,方直科技,广东省,I65
300236,上海新阳,上海市,C26
300237,美晨生态,山东省,E48
300238,冠昊生物,广东省,C35
300239,东宝生物,内蒙古自治区,C27
300240,飞力达,江苏省,G59
300241,瑞丰光电,广东省,C39
300242,佳云科技,广东省,I64
300243,瑞丰高材,山东省,C26
300244,迪安诊断,浙江省,Q83
300245,天玑科技,上海市,I65
300246,宝莱特,广东省,C35
300247,融捷健康,安徽省,C38
300248,新开普,河南省,I65
300249,依米康,四川省,I65
300250,初灵信息,浙江省,I65
300251,光线传媒,北京市,R86
300252,金信诺,广东省,C38
300253,卫宁健康,上海市,I65
300254,仟源医药,山西省,C27
300255,常山药业,河北省,C27
300257,开山股份,上海市,C34
300258,精锻科技,江苏省,C36
300259,新天科技,河南省,C40
300260,新莱应材,江苏省,C34
300261,雅本化学,江苏省,C26
300262,巴安水务,上海市,N77
300263,隆华科技,河南省,C34
300264,佳创视讯,广东省,I65
300265,通光线缆,江苏省,C38
300266,兴源环境,浙江省,N77
300267,尔康制药,湖南省,C27
300269,ST 联建,广东省,L72
300270,中威电子,浙江省,C39
300271,华宇软件,北京市,I65
300272,开能健康,上海市,C38
300274,阳光电源,安徽省,C38
300275,梅安森,重庆市,I65
300276,三丰智能,湖北省,C35
300277,海联讯,广东省,I65
300278,*ST 华昌,湖北省,C35
300279,和晶科技,江苏省,C38
300280,紫天科技,江苏省,L72
300281,金明精机,广东省,C35
300283,温州宏丰,浙江省,C38
300284,苏交科,江苏省,M74
300285,国瓷材料,山东省,C26
300286,安科瑞,上海市,C40
300287,飞利信,北京市,I65
300288,朗玛信息,贵州省,I63
300289,利德曼,北京市,C27
300290,荣科科技,辽宁省,I65
300291,华录百纳,北京市,R86
300292,吴通控股,江苏省,I65
300293,蓝英装备,辽宁省,C35
300294,博雅生物,江西省,C27
300295,三六五网,江苏省,I64
300296,利亚德,北京市,C39
300298,三诺生物,湖南省,C35
300299,富春股份,福建省,I65
300300,海峡创新,福建省,I65
300302,同有科技,北京市,I65
300303,聚飞光电,广东省,C39
300304,云意电气,江苏省,C36
300305,裕兴股份,江苏省,C29
300306,远方信息,浙江省,C40
300307,慈星股份,浙江省,C35
300308,中际旭创,山东省,C39
300310,宜通世纪,广东省,I63
300311,任子行,广东省,I65
300314,戴维医疗,浙江省,C35
300315,掌趣科技,北京市,I64
300316,晶盛机电,浙江省,C35
300317,珈伟新能,广东省,C38
300318,博晖创新,北京市,C35
300319,麦捷科技,广东省,C39
300320,海达股份,江苏省,C29
300321,同大股份,山东省,C29
300322,硕贝德,广东省,C39
300323,华灿光电,湖北省,C39
300324,旋极信息,北京市,I65
300326,凯利泰,上海市,C35
300327,中颖电子,上海市,C39
300328,宜安科技,广东省,C33
300329,海伦钢琴,浙江省,C24
300331,苏大维格,江苏省,C39
300332,天壕环境,北京市,D45
300333,兆日科技,广东省,I65
300334,津膜科技,天津市,C35
300335,迪森股份,广东省,D44
300337,银邦股份,江苏省,C32
300339,润和软件,江苏省,I65
300340,科恒股份,广东省,C38
300341,麦克奥迪,福建省,C38
300342,天银机电,江苏省,C38
300343,联创股份,山东省,C26
300344,立方数科,北京市,I65
300345,华民股份,湖南省,C33
300346,南大光电,江苏省,C39
300347,泰格医药,浙江省,M73
300348,长亮科技,广东省,I65
300349,金卡智能,浙江省,I65
300350,华鹏飞,广东省,I65
300351,永贵电器,浙江省,C39
300352,北信源,北京市,I65
300353,东土科技,北京市,C39
300354,东华测试,江苏省,C40
300355,蒙草生态,内蒙古自治区,N77
300357,我武生物,浙江省,C27
300358,楚天科技,湖南省,C35
300359,全通教育,广东省,I65
300360,炬华科技,浙江省,C40
300363,博腾股份,重庆市,C27
300364,中文在线,北京市,R85
300365,恒华科技,北京市,I65
300366,创意信息,四川省,I65
300368,汇金股份,河北省,C35
300369,绿盟科技,北京市,I65
300371,汇中股份,河北省,C40
300373,扬杰科技,江苏省,C39
300374,中铁装配,北京市,C30
300375,鹏翎股份,天津市,C29
300376,易事特,广东省,C38
300377,赢时胜,广东省,I65
300378,鼎捷软件,上海市,I65
300379,东方通,北京市,I65
300380,安硕信息,上海市,I65
300381,溢多利,广东省,C27
300382,斯莱克,江苏省,C35
300383,光环新网,北京市,I65
300384,三联虹普,北京市,M74
300385,雪浪环境,江苏省,C35
300386,飞天诚信,北京市,I65
300387,富邦股份,湖北省,C26
300388,节能国祯,安徽省,N77
300389,艾比森,广东省,C39
300390,天华超净,江苏省,C39
300391,康跃科技,山东省,C38
300393,中来股份,江苏省,C39
300394,天孚通信,江苏省,C39
300395,菲利华,湖北省,C30
300396,迪瑞医疗,吉林省,C35
300397,天和防务,陕西省,C39
300398,飞凯材料,上海市,C26
300399,天利科技,江西省,I65
300400,劲拓股份,广东省,C35
300401,花园生物,浙江省,C14
300402,宝色股份,江苏省,C35
300403,汉宇集团,广东省,C38
300404,博济医药,广东省,M73
300405,科隆股份,辽宁省,C26
300406,九强生物,北京市,C27
300407,凯发电气,天津市,C38
300408,三环集团,广东省,C39
300409,道氏技术,广东省,C38
300410,正业科技,广东省,C35
300411,金盾股份,浙江省,C34
300412,迦南科技,浙江省,C35
300413,芒果超媒,湖南省,R87
300414,中光防雷,四川省,C39
300415,伊之密,广东省,C35
300416,苏试试验,江苏省,M74
300417,南华仪器,广东省,C40
300418,昆仑万维,北京市,I64
300419,浩丰科技,北京市,I65
300420,五洋停车,江苏省,C34
300421,力星股份,江苏省,C34
300422,博世科,广西壮族自治区,N77
300423,昇辉科技,山东省,C38
300424,航新科技,广东省,C37
300425,中建环能,四川省,C35
300426,唐德影视,浙江省,R86
300427,红相股份,福建省,C38
300428,立中集团,河北省,C36
300429,强力新材,江苏省,C26
300430,诚益通,北京市,C40
300432,富临精工,四川省,C36
300433,蓝思科技,湖南省,C39
300434,金石亚药,四川省,C27
300435,中泰股份,浙江省,D45
300436,广生堂,福建省,C27
300437,清水源,河南省,C26
300438,鹏辉能源,广东省,C38
300439,美康生物,浙江省,C27
300440,运达科技,四川省,I65
300441,鲍斯股份,浙江省,C34
300442,普丽盛,上海市,C35
300443,金雷股份,山东省,C35
300444,双杰电气,北京市,C38
300445,康斯特,北京市,C40
300446,*ST 乐材,河北省,C26
300447,全信股份,江苏省,C38
300448,浩云科技,广东省,I65
300449,汉邦高科,北京市,C39
300450,先导智能,江苏省,C35
300451,创业慧康,浙江省,I65
300452,山河药辅,安徽省,C27
300453,三鑫医疗,江西省,C35
300454,深信服,广东省,I65
300455,康拓红外,北京市,C39
300456,赛微电子,北京市,C39
300457,赢合科技,广东省,C35
300458,全志科技,广东省,C39
300459,汤姆猫,浙江省,I64
300460,惠伦晶体,广东省,C39
300461,田中精机,浙江省,C35
300462,华铭智能,上海市,C35
300463,迈克生物,四川省,C27
300464,星徽股份,广东省,F52
300465,高伟达,北京市,I65
300466,赛摩智能,江苏省,C40
300467,迅游科技,四川省,I64
300468,四方精创,广东省,I65
300469,信息发展,上海市,I65
300470,中密控股,四川省,C34
300471,厚普股份,四川省,C35
300472,新元科技,江西省,C35
300473,德尔股份,辽宁省,C34
300474,景嘉微,湖南省,C39
300475,香农芯创,安徽省,F51
300476,胜宏科技,广东省,C39
300477,合纵科技,北京市,C38
300478,杭州高新,浙江省,C29
300479,神思电子,山东省,C39
300480,光力科技,河南省,C40
300481,濮阳惠成,河南省,C26
300482,万孚生物,广东省,C27
300483,首华燃气,上海市,B07
300484,蓝海华腾,广东省,C38
300485,赛升药业,北京市,C27
300486,东杰智能,山西省,C35
300487,蓝晓科技,陕西省,C26
300488,恒锋工具,浙江省,C33
300489,光智科技,黑龙江省,C32
300490,华自科技,湖南省,C38
300491,通合科技,河北省,C38
300492,华图山鼎,四川省,M74
300493,润欣科技,上海市,I65
300494,盛天网络,湖北省,I64
300496,中科创达,北京市,I65
300497,富祥药业,江西省,C27
300498,温氏股份,广东省,A03
300499,高澜股份,广东省,C38
300500,启迪设计,江苏省,M74
300501,海顺新材,上海市,C27
300502,新易盛,四川省,C39
300503,昊志机电,广东省,C34
300504,天邑股份,四川省,C39
300505,川金诺,云南省,C26
300506,名家汇,广东省,E50
300507,苏奥传感,江苏省,C36
300508,维宏股份,上海市,I65
300509,新美星,江苏省,C35
300510,金冠股份,吉林省,C38
300511,雪榕生物,上海市,A01
300512,中亚股份,浙江省,C34
300513,恒实科技,北京市,I65
300514,友讯达,广东省,C39
300515,三德科技,湖南省,C40
300516,久之洋,湖北省,C39
300517,海波重科,湖北省,E48
300518,盛讯达,广东省,I65
300519,新光药业,浙江省,C27
300520,科大国创,安徽省,I65
300521,爱司凯,广东省,C35
300522,世名科技,江苏省,C26
300523,辰安科技,北京市,I65
300525,博思软件,福建省,I65
300527,中船应急,湖北省,C35
300528,幸福蓝海,江苏省,R86
300529,健帆生物,广东省,C35
300530,*ST 达志,湖南省,C26
300531,优博讯,广东省,C39
300532,今天国际,广东省,I65
300533,冰川网络,广东省,I65
300534,陇神戎发,甘肃省,C27
300535,达威股份,四川省,C26
300536,农尚环境,湖北省,E48
300537,广信材料,江苏省,C26
300538,同益股份,广东省,F51
300539,横河精密,浙江省,C29
300540,蜀道装备,四川省,C34
300541,先进数通,北京市,I65
300542,新晨科技,北京市,I65
300543,朗科智能,广东省,C39
300545,联得装备,广东省,C35
300546,雄帝科技,广东省,C39
300547,川环科技,四川省,C29
300548,博创科技,浙江省,C39
300549,优德精密,江苏省,C35
300550,和仁科技,浙江省,I65
300551,古鳌科技,上海市,C35
300552,万集科技,北京市,I65
300553,集智股份,浙江省,C40
300554,三超新材,江苏省,C30
300556,丝路视觉,广东省,I65
300557,理工光科,湖北省,C40
300558,贝达药业,浙江省,C27
300559,佳发教育,四川省,I65
300560,中富通,福建省,I65
300561,汇金科技,广东省,I65
300562,乐心医疗,广东省,C35
300563,神宇股份,江苏省,C39
300564,筑博设计,西藏自治区,M74
300565,科信技术,广东省,C39
300566,激智科技,浙江省,C39
300567,精测电子,湖北省,C40
300568,星源材质,广东省,C26
300569,天能重工,山东省,C38
300570,太辰光,广东省,C39
300571,平治信息,浙江省,I64
300572,安车检测,广东省,C40
300573,兴齐眼药,辽宁省,C27
300575,中旗股份,江苏省,C26
300576,容大感光,广东省,C26
300577,开润股份,安徽省,C17
300578,会畅通讯,上海市,I65
300579,数字认证,北京市,I65
300580,贝斯特,江苏省,C36
300581,晨曦航空,陕西省,C39
300582,英飞特,浙江省,C39
300583,赛托生物,山东省,C27
300584,海辰药业,江苏省,C27
300585,奥联电子,江苏省,C36
300586,美联新材,广东省,C29
300587,天铁股份,浙江省,C29
300588,熙菱信息,新疆维吾尔自治区,I65
300589,江龙船艇,广东省,C37
300590,移为通信,上海市,C39
300591,万里马,广东省,C19
300592,华凯创意,湖南省,F52
300593,新雷能,北京市,C38
300594,朗进科技,山东省,C37
300595,欧普康视,安徽省,C35
300596,利安隆,天津市,C26
300597,吉大通信,吉林省,I65
300598,诚迈科技,江苏省,I65
300599,雄塑科技,广东省,C29
300600,国瑞科技,江苏省,C37
300601,康泰生物,广东省,C27
300602,飞荣达,广东省,C39
300603,立昂技术,新疆维吾尔自治区,I65
300604,长川科技,浙江省,C35
300605,恒锋信息,福建省,I65
300606,金太阳,广东省,C30
300607,拓斯达,广东省,C34
300608,思特奇,北京市,I65
300609,汇纳科技,上海市,I65
300610,晨化股份,江苏省,C26
300611,美力科技,浙江省,C34
300612,宣亚国际,北京市,L72
300613,富瀚微,上海市,I65
300614,百川畅银,河南省,N77
300615,欣天科技,广东省,C39
300616,尚品宅配,广东省,C21
300617,安靠智电,江苏省,C38
300618,寒锐钴业,江苏省,C32
300619,金银河,广东省,C35
300620,光库科技,广东省,C39
300621,维业股份,广东省,E50
300622,博士眼镜,广东省,F52
300623,捷捷微电,江苏省,C39
300624,万兴科技,西藏自治区,I65
300625,三雄极光,广东省,C38
300626,华瑞股份,浙江省,C38
300627,华测导航,上海市,C39
300628,亿联网络,福建省,C39
300629,新劲刚,广东省,C39
300630,普利制药,海南省,C27
300631,久吾高科,江苏省,C35
300632,光莆股份,福建省,C39
300633,开立医疗,广东省,C35
300634,彩讯股份,广东省,I65
300635,中达安,广东省,M74
300636,同和药业,江西省,C27
300637,扬帆新材,浙江省,C26
300638,广和通,广东省,C39
300639,凯普生物,广东省,C27
300640,德艺文创,福建省,C24
300641,正丹股份,江苏省,C26
300642,透景生命,上海市,C27
300643,万通智控,浙江省,C36
300644,南京聚隆,江苏省,C29
300645,正元智慧,浙江省,I65
300647,超频三,广东省,C39
300648,星云股份,福建省,C40
300649,杭州园林,浙江省,E48
300650,太龙股份,福建省,F51
300651,金陵体育,江苏省,C24
300652,雷迪克,浙江省,C36
300653,正海生物,山东省,C35
300654,世纪天鸿,山东省,R85
300655,晶瑞电材,江苏省,C26
300656,民德电子,广东省,C39
300657,弘信电子,福建省,C39
300658,延江股份,福建省,C17
300659,中孚信息,山东省,I65
300660,江苏雷利,江苏省,C38
300661,圣邦股份,北京市,C39
300662,科锐国际,北京市,L72
300663,科蓝软件,北京市,I65
300664,鹏鹞环保,江苏省,N77
300665,飞鹿股份,湖南省,C26
300666,江丰电子,浙江省,C39
300667,必创科技,北京市,C40
300668,杰恩设计,广东省,M74
300669,沪宁股份,浙江省,C34
300670,大烨智能,江苏省,C38
300671,富满微,广东省,I65
300672,国科微,湖南省,C39
300673,佩蒂股份,浙江省,C13
300674,宇信科技,北京市,I65
300675,建科院,广东省,M74
300676,华大基因,广东省,M74
300677,英科医疗,山东省,C29
300678,中科信息,四川省,I65
300679,电连技术,广东省,C39
300680,隆盛科技,江苏省,C36
300681,英搏尔,广东省,C38
300682,朗新科技,江苏省,I65
300683,海特生物,湖北省,C27
300684,中石科技,北京市,C26
300685,艾德生物,福建省,C27
300686,智动力,广东省,C39
300687,赛意信息,广东省,I65
300688,创业黑马,北京市,L72
300689,澄天伟业,广东省,C39
300690,双一科技,山东省,C30
300691,联合光电,广东省,C39
300692,中环环保,安徽省,N77
300693,盛弘股份,广东省,C38
300694,蠡湖股份,江苏省,C34
300695,兆丰股份,浙江省,C36
300696,爱乐达,四川省,C37
300697,电工合金,江苏省,C32
300698,万马科技,浙江省,C39
300699,光威复材,山东省,C28
300700,岱勒新材,湖南省,C30
300701,森霸传感,河南省,C39
300702,天宇股份,浙江省,C27
300703,创源股份,浙江省,C24
300705,九典制药,湖南省,C27
300706,阿石创,福建省,C41
300707,威唐工业,江苏省,C35
300708,聚灿光电,江苏省,C39
300709,精研科技,江苏省,C39
300710,万隆光电,浙江省,C39
300711,广哈通信,广东省,C39
300712,永福股份,福建省,E48
300713,英可瑞,广东省,C38
300715,凯伦股份,江苏省,C30
300716,国立科技,广东省,C29
300717,华信新材,江苏省,C29
300718,长盛轴承,浙江省,C34
300719,安达维尔,北京市,C37
300720,海川智能,广东省,C40
300721,怡达股份,江苏省,C26
300722,新余国科,江西省,C41
300723,一品红,广东省,C27
300724,捷佳伟创,广东省,C38
300725,药石科技,江苏省,C26
300726,宏达电子,湖南省,C39
300727,润禾材料,浙江省,C26
300729,乐歌股份,浙江省,C21
300730,科创信息,湖南省,I65
300731,科创新源,广东省,C29
300732,设研院,河南省,M74
300733,西菱动力,四川省,C36
300735,光弘科技,广东省,C39
300736,百邦科技,北京市,O80
300737,科顺股份,广东省,C30
300738,奥飞数据,广东省,I65
300739,明阳电路,广东省,C39
300740,水羊股份,湖南省,C26
300741,华宝股份,西藏自治区,C26
300742,越博动力,江苏省,C36
300743,天地数码,浙江省,C39
300745,欣锐科技,广东省,C36
300746,汉嘉设计,浙江省,M74
300747,锐科激光,湖北省,C39
300748,金力永磁,江西省,C30
300749,顶固集创,广东省,C21
300750,宁德时代,福建省,C38
300751,迈为股份,江苏省,C35
300752,隆利科技,广东省,C39
300753,爱朋医疗,江苏省,C35
300755,华致酒行,云南省,F51
300756,金马游乐,广东省,C24
300757,罗博特科,江苏省,C35
300758,七彩化学,辽宁省,C26
300759,康龙化成,北京市,M73
300760,迈瑞医疗,广东省,C35
300761,立华股份,江苏省,A03
300762,上海瀚讯,上海市,C39
300763,锦浪科技,浙江省,C38
300765,新诺威,河北省,C14
300766,每日互动,浙江省,I64
300767,震安科技,云南省,C29
300768,迪普科技,浙江省,I65
300769,德方纳米,广东省,C38
300770,新媒股份,广东省,I63
300771,智莱科技,广东省,C35
300772,运达股份,浙江省,C34
300773,拉卡拉,北京市,I64
300774,倍杰特,北京市,N77
300775,三角防务,陕西省,C37
300776,帝尔激光,湖北省,C35
300777,中简科技,江苏省,C28
300778,新城市,广东省,M74
300779,惠城环保,山东省,C42
300780,德恩精工,四川省,C34
300781,因赛集团,广东省,L72
300782,卓胜微,江苏省,C39
300783,三只松鼠,安徽省,F52
300785,值得买,北京市,I64
300786,国林科技,山东省,C35
300787,海能实业,江西省,C39
300788,中信出版,北京市,R85
300789,唐源电气,四川省,I65
300790,宇瞳光学,广东省,C39
300791,仙乐健康,广东省,C14
300792,壹网壹创,浙江省,I64
300793,佳禾智能,广东省,C39
300795,*ST 米奥,浙江省,L72
300796,贝斯美,浙江省,C26
300797,钢研纳克,北京市,M74
300798,锦鸡股份,江苏省,C26
300799,左江科技,北京市,I65
300800,力合科技,湖南省,C40
300801,泰和科技,山东省,C26
300802,矩子科技,上海市,C39
300803,指南针,北京市,J69
300805,电声股份,广东省,L72
300806,斯迪克,江苏省,C29
300807,天迈科技,河南省,C39
300808,久量股份,广东省,C38
300809,华辰装备,江苏省,C34
300810,中科海讯,北京市,I65
300811,铂科新材,广东省,C39
300812,易天股份,广东省,C35
300813,泰林生物,浙江省,C35
300814,中富电路,广东省,C39
300815,玉禾田,安徽省,N78
300816,艾可蓝,安徽省,N77
300817,双飞股份,浙江省,C34
300818,耐普矿机,江西省,C35
300819,聚杰微纤,江苏省,C17
300820,英杰电气,四川省,C38
300821,东岳硅材,山东省,C26
300822,贝仕达克,广东省,C39
300823,建科机械,天津市,C35
300824,北鼎股份,广东省,C38
300825,阿尔特,北京市,M74
300826,测绘股份,江苏省,M74
300827,上能电气,江苏省,C38
300828,锐新科技,天津市,C33
300829,金丹科技,河南省,C14
300830,金现代,山东省,I65
300831,派瑞股份,陕西省,C39
300832,新产业,广东省,C27
300833,浩洋股份,广东省,C38
300834,星辉环材,广东省,C26
300835,龙磁科技,安徽省,C39
300836,佰奥智能,江苏省,C35
300837,浙矿股份,浙江省,C35
300838,浙江力诺,浙江省,C40
300839,博汇股份,浙江省,C25
300840,酷特智能,山东省,C18
300841,康华生物,四川省,C27
300842,帝科股份,江苏省,C39
300843,胜蓝股份,广东省,C39
300844,山水比德,广东省,M74
300845,捷安高科,河南省,I65
300846,首都在线,北京市,I65
300847,中船汉光,河北省,C39
300848,美瑞新材,山东省,C26
300849,锦盛新材,浙江省,C29
300850,新强联,河南省,C34
300851,交大思诺,北京市,I65
300852,四会富仕,广东省,C39
300853,申昊科技,浙江省,C34
300854,中兰环保,广东省,N77
300855,图南股份,江苏省,C32
300856,科思股份,江苏省,C26
300857,协创数据,广东省,C39
300858,科拓生物,北京市,C14
300859,*ST 西域,新疆维吾尔自治区,N78
300860,锋尚文化,北京市,R87
300861,美畅股份,陕西省,C30
300862,蓝盾光电,安徽省,C40
300863,卡倍亿,浙江省,C36
300864,南大环境,江苏省,N77
300865,大宏立,四川省,C35
300866,安克创新,湖南省,C39
300867,圣元环保,福建省,N77
300868,杰美特,广东省,C29
300869,康泰医学,河北省,C35
300870,欧陆通,广东省,C39
300871,回盛生物,湖北省,C27
300872,天阳科技,西藏自治区,I65
300873,海晨股份,江苏省,G59
300875,捷强装备,天津市,C35
300876,蒙泰高新,广东省,C28
300877,金春股份,安徽省,C17
300878,维康药业,浙江省,C27
300879,大叶股份,浙江省,C35
300880,迦南智能,浙江省,C40
300881,盛德鑫泰,江苏省,C33
300882,万胜智能,浙江省,C40
300883,龙利得,安徽省,C22
300884,狄耐克,福建省,C39
300885,海昌新材,江苏省,C33
300886,华业香料,安徽省,C26
300887,谱尼测试,北京市,M74
300888,稳健医疗,广东省,C17
300889,爱克股份,广东省,C38
300890,翔丰华,广东省,C30
300891,惠云钛业,广东省,C26
300892,品渥食品,上海市,F52
300893,松原股份,浙江省,C36
300894,火星人,浙江省,C38
300895,铜牛信息,北京市,I65
300896,爱美客,北京市,C35
300897,山科智能,浙江省,C40
300898,熊猫乳品,浙江省,C14
300899,上海凯鑫,上海市,N77
300900,广联航空,黑龙江省,C37
300901,中胤时尚,浙江省,M74
300902,国安达,福建省,C35
300903,科翔股份,广东省,C39
300905,宝丽迪,江苏省,C29
300906,日月明,江西省,C37
300907,康平科技,江苏省,C34
300908,仲景食品,河南省,C14
300909,汇创达,广东省,C39
300910,瑞丰新材,河南省,C26
300911,亿田智能,浙江省,C38
300912,凯龙高科,江苏省,N77
300913,兆龙互连,浙江省,C38
300915,海融科技,上海市,C14
300916,朗特智能,广东省,C39
300917,特发服务,广东省,K70
300918,南山智尚,山东省,C17
300919,中伟股份,贵州省,C38
300920,润阳科技,浙江省,C29
300921,南凌科技,广东省,I64
300922,天秦装备,河北省,C41
300923,研奥股份,吉林省,C37
300925,法本信息,广东省,I65
300926,博俊科技,江苏省,C36
300927,江天化学,江苏省,C26
300928,华安鑫创,北京市,M74
300929,华骐环保,安徽省,N77
300930,屹通新材,浙江省,C42
300931,通用电梯,江苏省,C34
300932,三友联众,广东省,C38
300933,中辰股份,江苏省,C38
300935,盈建科,北京市,I65
300936,中英科技,江苏省,C39
300937,药易购,四川省,F51
300938,信测标准,广东省,M74
300939,秋田微,广东省,C39
300940,南极光,广东省,C39
300941,创识科技,福建省,I65
300942,易瑞生物,广东省,C27
300943,春晖智控,浙江省,C34
300945,曼卡龙,浙江省,F52
300946,恒而达,福建省,C33
300947,德必集团,上海市,L72
300948,冠中生态,山东省,N77
300949,奥雅设计,广东省,M74
300950,德固特,山东省,C35
300951,博硕科技,广东省,C39
300952,恒辉安防,江苏省,C17
300953,震裕科技,浙江省,C35
300955,嘉亨家化,福建省,C29
300956,英力股份,安徽省,C39
300957,贝泰妮,云南省,C26
300958,建工修复,北京市,N77
300959,线上线下,江苏省,I65
300960,通业科技,广东省,C37
300961,深水海纳,广东省,N77
300962,中金辐照,广东省,C41
300963,中洲特材,上海市,C32
300964,本川智能,江苏省,C39
300965,恒宇信通,北京市,C39
300966,共同药业,湖北省,C27
300967,晓鸣股份,宁夏回族自治区,A03
300968,格林精密,广东省,C39
300969,恒帅股份,浙江省,C36
300970,华绿生物,江苏省,A01
300971,博亚精工,湖北省,C34
300972,万辰生物,福建省,A01
300973,立高食品,广东省,C14
300975,商络电子,江苏省,F51
300976,达瑞电子,广东省,C39
300977,深圳瑞捷,广东省,M74
300978,东箭科技,广东省,C36
300979,华利集团,广东省,C19
300980,祥源新材,湖北省,C29
300981,中红医疗,河北省,C29
300982,苏文电能,江苏省,E48
300983,尤安设计,上海市,M74
300984,金沃股份,浙江省,C34
300985,致远新能,吉林省,C33
300986,志特新材,江西省,C33
300987,川网传媒,四川省,I64
300988,津荣天宇,天津市,C33
300989,蕾奥规划,广东省,M74
300990,同飞股份,河北省,C34
300991,创益通,广东省,C39
300992,泰福泵业,浙江省,C34
300993,玉马遮阳,山东省,C17
300994,久祺股份,浙江省,C37
300995,奇德新材,广东省,C29
300996,普联软件,山东省,I65
300997,欢乐家,广东省,C15
300998,宁波方正,浙江省,C35
300999,金龙鱼,上海市,C13
301000,肇民科技,上海市,C29
301001,凯淳股份,上海市,I64
301002,崧盛股份,广东省,C39
301003,江苏博云,江苏省,C29
301004,嘉益股份,浙江省,C33
301005,超捷股份,上海市,C36
301006,迈拓股份,江苏省,C40
301007,德迈仕,辽宁省,C36
301008,宏昌科技,浙江省,C38
301009,可靠股份,浙江省,C22
301010,晶雪节能,江苏省,C30
301011,华立科技,广东省,C24
301012,扬电科技,江苏省,C38
301013,利和兴,广东省,C35
301015,百洋医药,山东省,F51
301016,雷尔伟,江苏省,C37
301017,漱玉平民,山东省,F52
301018,申菱环境,广东省,C35
301019,宁波色母,浙江省,C29
301020,密封科技,山东省,C34
301021,英诺激光,广东省,C35
301022,海泰科,山东省,C35
301023,江南奕帆,江苏省,C38
301024,霍普股份,上海市,M74
301025,读客文化,上海市,R85
301026,浩通科技,江苏省,C42
301027,华蓝集团,广西壮族自治区,M74
301028,东亚机械,福建省,C34
301029,怡合达,广东省,C34
301030,仕净科技,江苏省,C35
301031,中熔电气,陕西省,C38
301032,新柴股份,浙江省,C34
301033,迈普医学,广东省,C35
301035,润丰股份,山东省,C26
301036,双乐股份,江苏省,C26
301037,保立佳,上海市,C26
301038,深水规院,广东省,M74
301039,中集车辆,广东省,C36
301040,中环海陆,江苏省,C33
301041,金百泽,广东省,C39
301042,安联锐视,广东省,C39
301043,绿岛风,广东省,C34
301045,天禄科技,江苏省,C39
301046,能辉科技,上海市,M74
301047,义翘神州,北京市,M73
301048,金鹰重工,湖北省,C37
301049,超越科技,安徽省,N77
301050,雷电微力,四川省,C39
301051,信濠光电,广东省,C39
301052,果麦文化,浙江省,R85
301053,远信工业,浙江省,C35
301055,张小泉,浙江省,C33
301056,森赫股份,浙江省,C34
301057,汇隆新材,浙江省,C28
301058,中粮工科,江苏省,M74
301059,金三江,广东省,C26
301060,兰卫医学,上海市,Q83
301061,匠心家居,江苏省,C21
301062,上海艾录,上海市,C22
301063,海锅股份,江苏省,C33
301065,本立科技,浙江省,C26
301066,万事利,浙江省,C18
301067,显盈科技,广东省,C39
301068,大地海洋,浙江省,C42
301069,凯盛新材,山东省,C26
301070,开勒股份,上海市,C34
301071,力量钻石,河南省,C30
301072,中捷精工,江苏省,C36
301073,君亭酒店,浙江省,H61
301075,多瑞医药,西藏自治区,C27
301076,新瀚新材,江苏省,C26
301077,星华反光,浙江省,C26
301078,孩子王,江苏省,F52
301079,邵阳液压,湖南省,C34
301080,百普赛斯,北京市,M73
301081,严牌股份,浙江省,C35
301082,久盛电气,浙江省,C38
301083,百胜智能,江西省,C35
301085,亚康股份,北京市,F51
301086,鸿富瀚,广东省,C39
301087,可孚医疗,湖南省,C35
301088,戎美股份,江苏省,F52
301089,拓新药业,河南省,C27
301090,华润材料,江苏省,C26
301091,深城交,广东省,M74
301092,争光股份,浙江省,C26
301093,华兰股份,江苏省,C27
301096,百诚医药,浙江省,M73
301097,天益医疗,浙江省,C35
301098,金埔园林,江苏省,E48
301099,雅创电子,上海市,F51
301100,风光股份,辽宁省,C26
301101,明月镜片,江苏省,C35
301102,兆讯传媒,天津市,L72
301103,何氏眼科,辽宁省,Q83
301106,骏成科技,江苏省,C39
301108,洁雅股份,安徽省,C26
301109,军信股份,湖南省,N77
301110,青木股份,广东省,I64
301111,粤万年青,广东省,C27
301113,雅艺科技,浙江省,C21
301116,益客食品,江苏省,C13
301117,佳缘科技,四川省,I65
301118,恒光股份,湖南省,C26
301119,正强股份,浙江省,C36
301122,采纳股份,江苏省,C35
301123,奕东电子,广东省,C39
301126,达嘉维康,湖南省,F51
301127,天源环保,湖北省,N77
301128,强瑞技术,广东省,C35
301129,瑞纳智能,安徽省,C40
301130,西点药业,吉林省,C27
301131,聚赛龙,广东省,C29
301133,金钟股份,广东省,C36
301136,招标股份,福建省,M74
301137,哈焊华通,江苏省,C33
301138,华研精机,广东省,C35
301148,嘉戎技术,福建省,N77
301149,隆华新材,山东省,C26
301151,冠龙节能,上海市,C34
301155,海力风电,江苏省,C38
301158,德石股份,山东省,C35
301159,三维天地,北京市,I65
301166,优宁维,上海市,F51
301167,建研设计,安徽省,M74
301168,通灵股份,江苏省,C38
301169,零点有数,北京市,L72
301177,迪阿股份,广东省,F52
301178,天亿马,广东省,I65
301179,泽宇智能,江苏省,I65
301180,万祥科技,江苏省,C39
301181,标榜股份,江苏省,C36
301182,凯旺科技,河南省,C39
301185,鸥玛软件,山东省,I65
301186,超达装备,江苏省,C35
301188,力诺特玻,山东省,C30
301189,奥尼电子,广东省,C39
301190,善水科技,江西省,C26
301193,家联科技,浙江省,C29
301196,唯科科技,福建省,C29
301198,喜悦智行,浙江省,C29
301199,迈赫股份,山东省,C35
301200,大族数控,广东省,C35
301201,诚达药业,浙江省,C27
301206,三元生物,山东省,C14
301207,华兰疫苗,河南省,C27
301211,亨迪药业,湖北省,C27
301212,联盛化学,浙江省,C26
301213,观想科技,四川省,I65
301215,中汽股份,江苏省,M74
301216,万凯新材,浙江省,C26
301217,铜冠铜箔,安徽省,C39
301218,华是科技,浙江省,I65
301219,腾远钴业,江西省,C32
301221,光庭信息,湖北省,I65
301222,浙江恒威,浙江省,C38
301226,祥明智能,江苏省,C38
301228,实朴检测,上海市,M74
301229,纽泰格,江苏省,C36
301235,华康医疗,湖北省,M74
301236,软通动力,北京市,I65
301237,和顺科技,浙江省,C29
301248,杰创智能,广东省,I65
301256,华融化学,四川省,C26
301258,富士莱,江苏省,C27
301263,泰恩康,广东省,F51
301268,铭利达,广东省,C33
301279,金道科技,浙江省,C34
430047,诺思兰德,北京市,C27
430090,同辉信息,北京市,I65
430139,华岭股份,上海市,C39
430198,微创光电,湖北省,C39
430300,辰光医疗,上海市,C35
430418,苏轴股份,江苏省,C34
430476,海能仪器,山东省,C40
430489,佳先股份,安徽省,C26
430510,丰光精密,山东省,C33
430564,天润科技,陕西省,I65
430685,新芝生物,浙江省,C40
430718,合肥高科,安徽省,C38
600000,浦发银行,上海市,J66
600004,白云机场,广东省,G56
600006,东风汽车,湖北省,C36
600007,中国国贸,北京市,K70
600008,首创环保,北京市,D46
600009,上海机场,上海市,G56
600010,包钢股份,内蒙古自治区,C31
600011,华能国际,北京市,D44
600012,皖通高速,安徽省,G54
600015,华夏银行,北京市,J66
600016,民生银行,北京市,J66
600017,日照港,山东省,G55
600018,上港集团,上海市,G55
600019,宝钢股份,上海市,C31
600020,中原高速,河南省,G54
600021,上海电力,上海市,D44
600022,山东钢铁,山东省,C31
600023,浙能电力,浙江省,D44
600025,华能水电,云南省,D44
600026,中远海能,上海市,G55
600027,华电国际,山东省,D44
600028,中国石化,北京市,B07
600029,南方航空,广东省,G56
600030,中信证券,广东省,J67
600031,三一重工,北京市,C35
600032,浙江新能,浙江省,D44
600033,福建高速,福建省,G54
600035,楚天高速,湖北省,G54
600036,招商银行,广东省,J66
600037,歌华有线,北京市,I63
600038,中直股份,黑龙江省,C37
600039,四川路桥,四川省,E48
600048,保利发展,广东省,K70
600050,中国联通,北京市,I63
600051,宁波联合,浙江省,F51
600052,东望时代,浙江省,R86
600053,九鼎投资,江西省,J69
600054,黄山旅游,安徽省,N78
600055,万东医疗,北京市,C35
600056,中国医药,北京市,F51
600057,厦门象屿,福建省,L72
600058,五矿发展,北京市,F51
600059,古越龙山,浙江省,C15
600060,海信视像,山东省,C39
600061,国投资本,上海市,J67
600062,华润双鹤,北京市,C27
600063,皖维高新,安徽省,C28
600064,南京高科,江苏省,K70
600066,宇通客车,河南省,C36
600067,冠城大通,福建省,K70
600070,浙江富润,浙江省,I64
600071,凤凰光学,江西省,C40
600072,中船科技,上海市,E48
600073,上海梅林,上海市,C14
600075,新疆天业,新疆维吾尔自治区,C26
600076,康欣新材,山东省,C20
600077,宋都股份,浙江省,K70
600079,人福医药,湖北省,C27
600080,金花股份,陕西省,C27
600081,东风科技,上海市,C36
600082,海泰发展,天津市,F51
600083,*ST 博信,江苏省,F51
600084,*ST 中葡,新疆维吾尔自治区,C15
600085,同仁堂,北京市,C27
600088,中视传媒,上海市,R86
600089,特变电工,新疆维吾尔自治区,C38
600094,大名城,上海市,K70
600095,湘财股份,黑龙江省,J67
600096,云天化,云南省,C26
600097,开创国际,上海市,A04
600098,广州发展,广东省,D44
600099,林海股份,江苏省,C37
600100,同方股份,北京市,C39
600101,明星电力,四川省,D44
600103,青山纸业,福建省,C22
600104,上汽集团,上海市,C36
600105,永鼎股份,江苏省,C38
600106,重庆路桥,重庆市,G54
600107,美尔雅,湖北省,C18
600108,亚盛集团,甘肃省,A01
600109,国金证券,四川省,J67
600110,诺德股份,吉林省,C32
600111,北方稀土,内蒙古自治区,C32
600113,浙江东日,浙江省,L72
600114,东睦股份,浙江省,C33
600115,中国东航,上海市,G56
600116,三峡水利,重庆市,D44
600117,西宁特钢,青海省,C31
600118,中国卫星,北京市,C39
600119,长江投资,上海市,G54
600120,浙江东方,浙江省,J69
600121,郑州煤电,河南省,B06
600123,兰花科创,山西省,B06
600125,铁龙物流,辽宁省,G53
600126,杭钢股份,浙江省,C31
600127,金健米业,湖南省,C13
600128,弘业股份,江苏省,F51
600129,太极集团,重庆市,C27
600130,波导股份,浙江省,C39
600131,国网信通,四川省,I65
600132,重庆啤酒,重庆市,C15
600133,东湖高新,湖北省,E48
600135,乐凯胶片,河北省,C26
600137,浪莎股份,四川省,C18
600138,中青旅,北京市,L72
600141,兴发集团,湖北省,C26
600143,金发科技,广东省,C29
600148,长春一东,吉林省,C36
600149,廊坊发展,河北省,D44
600150,中国船舶,上海市,C37
600151,航天机电,上海市,C39
600152,维科技术,浙江省,C38
600153,建发股份,福建省,F51
600155,华创阳安,北京市,J67
600156,华升股份,湖南省,C17
600157,永泰能源,山西省,D44
600158,中体产业,天津市,R88
600159,大龙地产,北京市,K70
600160,巨化股份,浙江省,C26
600161,天坛生物,北京市,C27
600162,香江控股,广东省,K70
600163,中闽能源,福建省,D44
600165,新日恒力,宁夏回族自治区,C26
600166,福田汽车,北京市,C36
600167,联美控股,辽宁省,D44
600168,武汉控股,湖北省,D46
600169,太原重工,山西省,C35
600170,上海建工,上海市,E48
600171,上海贝岭,上海市,C39
600172,黄河旋风,河南省,C30
600173,卧龙地产,浙江省,K70
600176,中国巨石,浙江省,C30
600177,雅戈尔,浙江省,C18
600178,东安动力,黑龙江省,C36
600179,安通控股,黑龙江省,G58
600180,瑞茂通,山东省,F51
600183,生益科技,广东省,C39
600184,光电股份,湖北省,C35
600185,格力地产,广东省,K70
600186,莲花健康,河南省,C14
600187,国中水务,黑龙江省,D46
600188,兖矿能源,山东省,B06
600189,泉阳泉,吉林省,C15
600190,锦州港,辽宁省,G55
600191,*ST 华资,内蒙古自治区,C13
600192,长城电工,甘肃省,C38
600193,创兴资源,上海市,E50
600195,中牧股份,北京市,C27
600196,复星医药,上海市,C27
600197,伊力特,新疆维吾尔自治区,C15
600198,*ST 大唐,北京市,C39
600199,金种子酒,安徽省,C15
600200,江苏吴中,江苏省,C27
600201,生物股份,内蒙古自治区,C27
600202,哈空调,黑龙江省,C38
600203,福日电子,福建省,C39
600206,有研新材,北京市,C32
600207,安彩高科,河南省,D45
600208,新湖中宝,浙江省,K70
600210,紫江企业,上海市,C29
600211,西藏药业,西藏自治区,C27
600212,江泉实业,山东省,S90
600213,亚星客车,江苏省,C36
600215,派斯林,吉林省,K70
600216,浙江医药,浙江省,C27
600217,中再资环,陕西省,C42
600218,全柴动力,安徽省,C34
600219,南山铝业,山东省,C32
600220,江苏阳光,江苏省,C17
600221,*ST 海航,海南省,G56
600222,太龙药业,河南省,C27
600223,鲁商发展,山东省,K70
600225,*ST 松江,天津市,K70
600227,圣济堂,贵州省,C27
600228,返利科技,江西省,I64
600229,城市传媒,山东省,R85
600230,沧州大化,河北省,C26
600231,凌钢股份,辽宁省,C31
600232,金鹰股份,浙江省,C17
600233,圆通速递,辽宁省,G60
600234,科新发展,山西省,C39
600235,民丰特纸,浙江省,C22
600236,桂冠电力,广西壮族自治区,D44
600237,铜峰电子,安徽省,C39
600238,海南椰岛,海南省,C15
600242,ST 中昌,广东省,I64
600243,青海华鼎,青海省,C34
600246,万通发展,北京市,K70
600248,陕西建工,陕西省,E48
600249,两面针,广西壮族自治区,C26
600250,南纺股份,江苏省,F51
600251,冠农股份,新疆维吾尔自治区,C13
600252,中恒集团,广西壮族自治区,C27
600255,鑫科材料,安徽省,C32
600256,广汇能源,新疆维吾尔自治区,B07
600257,大湖股份,湖南省,A04
600258,首旅酒店,北京市,H61
600259,广晟有色,海南省,B09
600261,阳光照明,浙江省,C38
600262,北方股份,内蒙古自治区,C35
600266,城建发展,北京市,K70
600267,海正药业,浙江省,C27
600268,国电南自,江苏省,C38
600269,赣粤高速,江西省,G54
600271,航天信息,北京市,C39
600272,开开实业,上海市,F52
600273,嘉化能源,浙江省,C26
600276,恒瑞医药,江苏省,C27
600277,亿利洁能,内蒙古自治区,C26
600278,东方创业,上海市,F51
600279,重庆港,重庆市,G55
600280,中央商场,江苏省,F52
600281,华阳新材,山西省,C32
600282,南钢股份,江苏省,C31
600283,钱江水利,浙江省,D46
600284,浦东建设,上海市,E48
600285,羚锐制药,河南省,C27
600287,江苏舜天,江苏省,F51
600288,大恒科技,北京市,C39
600292,远达环保,重庆市,N77
600293,三峡新材,湖北省,C30
600295,鄂尔多斯,内蒙古自治区,C31
600297,广汇汽车,辽宁省,F52
600298,安琪酵母,湖北省,C14
600299,安迪苏,北京市,C27
600300,ST 维维,江苏省,C15
600301,*ST 南化,广西壮族自治区,C26
600302,标准股份,陕西省,C35
600305,恒顺醋业,江苏省,C14
600307,酒钢宏兴,甘肃省,C31
600308,华泰股份,山东省,C22
600309,万华化学,山东省,C26
600310,桂东电力,广西壮族自治区,D44
600312,平高电气,河南省,C38
600313,农发种业,北京市,A01
600315,上海家化,上海市,C26
600316,洪都航空,江西省,C37
600318,新力金融,安徽省,J69
600319,*ST 亚星,山东省,C26
600320,振华重工,上海市,C35
600321,正源股份,四川省,C20
600322,天房发展,天津市,K70
600323,瀚蓝环境,广东省,N77
600325,华发股份,广东省,K70
600326,西藏天路,西藏自治区,C30
600327,大东方,江苏省,F52
600328,中盐化工,内蒙古自治区,C26
600329,中新药业,天津市,C27
600330,天通股份,浙江省,C39
600331,宏达股份,四川省,C32
600332,白云山,广东省,C27
600333,长春燃气,吉林省,D45
600335,国机汽车,天津市,F51
600336,澳柯玛,山东省,C38
600337,美克家居,江西省,F52
600338,西藏珠峰,西藏自治区,B09
600339,中油工程,新疆维吾尔自治区,B11
600340,华夏幸福,河北省,K70
600343,航天动力,陕西省,C35
600345,长江通信,湖北省,C39
600346,恒力石化,辽宁省,C28
600348,华阳股份,山西省,B06
600350,山东高速,山东省,G54
600351,亚宝药业,山西省,C27
600352,浙江龙盛,浙江省,C26
600353,旭光电子,四川省,C39
600354,敦煌种业,甘肃省,A01
600355,精伦电子,湖北省,C39
600356,恒丰纸业,黑龙江省,C22
600358,国旅联合,江苏省,I64
600359,新农开发,新疆维吾尔自治区,A01
600360,华微电子,吉林省,C39
600361,华联综超,北京市,F52
600362,江西铜业,江西省,C32
600363,联创光电,江西省,C39
600366,宁波韵升,浙江省,C30
600367,红星发展,贵州省,C26
600368,五洲交通,广西壮族自治区,G54
600369,西南证券,重庆市,J67
600370,三房巷,江苏省,C26
600371,万向德农,黑龙江省,A01
600372,中航电子,北京市,C37
600373,中文传媒,江西省,R85
600375,汉马科技,安徽省,C36
600376,首开股份,北京市,K70
600377,宁沪高速,江苏省,G54
600378,昊华科技,四川省,C26
600379,宝光股份,陕西省,C38
600380,健康元,广东省,C27
600381,青海春天,青海省,C14
600383,金地集团,广东省,K70
600385,*ST 金泰,山东省,C27
600386,北巴传媒,北京市,F52
600387,ST 海越,浙江省,F51
600389,江山股份,江苏省,C26
600390,五矿资本,湖南省,J69
600391,航发科技,四川省,C37
600392,盛和资源,四川省,C32
600393,ST 粤泰,广东省,K70
600395,盘江股份,贵州省,B06
600396,金山股份,辽宁省,D44
600397,安源煤业,江西省,B06
600398,海澜之家,江苏省,C18
600399,抚顺特钢,辽宁省,C31
600400,红豆股份,江苏省,C18
600403,ST 大有,河南省,B06
600405,动力源,北京市,C39
600406,国电南瑞,江苏省,I65
600408,ST 安泰,山西省,C31
600409,三友化工,河北省,C26
600410,华胜天成,北京市,I65
600415,小商品城,浙江省,L72
600416,湘电股份,湖南省,C34
600418,江淮汽车,安徽省,C36
600419,天润乳业,新疆维吾尔自治区,C14
600420,国药现代,上海市,C27
600421,华嵘控股,湖北省,C34
600422,昆药集团,云南省,C27
600423,柳化股份,广西壮族自治区,C26
600425,青松建化,新疆维吾尔自治区,C30
600426,华鲁恒升,山东省,C26
600428,中远海特,广东省,G55
600429,三元股份,北京市,C14
600433,冠豪高新,广东省,C22
600435,北方导航,北京市,C39
600436,片仔癀,福建省,C27
600438,通威股份,四川省,C13
600439,瑞贝卡,河南省,C19
600444,国机通用,安徽省,C34
600446,金证股份,广东省,I65
600448,华纺股份,山东省,C17
600449,宁夏建材,宁夏回族自治区,C30
600452,涪陵电力,重庆市,D44
600455,博通股份,陕西省,P82
600456,宝钛股份,陕西省,C32
600458,时代新材,湖南省,C29
600459,贵研铂业,云南省,C32
600460,士兰微,浙江省,C39
600461,洪城环境,江西省,D46
600463,空港股份,北京市,E48
600466,蓝光发展,四川省,K70
600467,好当家,山东省,A04
600468,百利电气,天津市,C38
600469,风神股份,河南省,C29
600470,六国化工,安徽省,C26
600475,华光环能,江苏省,N77
600476,湘邮科技,湖南省,I65
600477,杭萧钢构,浙江省,C33
600478,科力远,湖南省,C38
600479,千金药业,湖南省,C27
600480,凌云股份,河北省,C36
600481,双良节能,江苏省,C38
600482,中国动力,河北省,C37
600483,福能股份,福建省,D44
600486,扬农化工,江苏省,C26
600487,亨通光电,江苏省,C38
600488,天药股份,天津市,C27
600489,中金黄金,北京市,B09
600490,鹏欣资源,上海市,C32
600491,龙元建设,浙江省,E48
600493,凤竹纺织,福建省,C17
600495,晋西车轴,山西省,C37
600496,精工钢构,安徽省,C33
600497,驰宏锌锗,云南省,B09
600498,烽火通信,湖北省,C39
600499,科达制造,广东省,C35
600500,中化国际,上海市,C26
600501,航天晨光,江苏省,C36
600502,安徽建工,安徽省,E48
600503,华丽家族,上海市,K70
600505,西昌电力,四川省,D44
600506,*ST 香梨,新疆维吾尔自治区,A01
600507,方大特钢,江西省,C31
600508,上海能源,上海市,B06
600509,天富能源,新疆维吾尔自治区,D44
600510,黑牡丹,江苏省,K70
600511,国药股份,北京市,F51
600512,腾达建设,浙江省,E48
600513,联环药业,江苏省,C27
600515,*ST 基础,海南省,K70
600516,方大炭素,甘肃省,C30
600517,国网英大,上海市,J69
600519,贵州茅台,贵州省,C15
600520,文一科技,安徽省,C38
600521,华海药业,浙江省,C27
600522,中天科技,江苏省,C38
600523,贵航股份,贵州省,C36
600525,长园集团,广东省,C39
600526,菲达环保,浙江省,C35
600527,江南高纤,江苏省,C28
600528,中铁工业,北京市,C35
600529,山东药玻,山东省,C30
600530,交大昂立,上海市,C27
600531,豫光金铅,河南省,C32
600533,栖霞建设,江苏省,K70
600535,天士力,天津市,C27
600536,中国软件,北京市,I65
600537,亿晶光电,浙江省,C38
600538,国发股份,广西壮族自治区,F51
600539,狮头股份,山西省,L72
600540,新赛股份,新疆维吾尔自治区,A01
600543,莫高股份,甘肃省,C15
600545,卓郎智能,新疆维吾尔自治区,C35
600546,山煤国际,山西省,F51
600547,山东黄金,山东省,B09
600548,深高速,广东省,G54
600549,厦门钨业,福建省,C32
600550,保变电气,河北省,C38
600551,时代出版,安徽省,R85
600552,凯盛科技,安徽省,C39
600556,天下秀,广西壮族自治区,I64
600557,康缘药业,江苏省,C27
600558,大西洋,四川省,C33
600559,老白干酒,河北省,C15
600560,金自天正,北京市,C35
600561,江西长运,江西省,G54
600562,国睿科技,江苏省,C39
600563,法拉电子,福建省,C39
600565,迪马股份,重庆市,K70
600566,济川药业,湖北省,C27
600567,山鹰国际,安徽省,C22
600569,安阳钢铁,河南省,C31
600570,恒生电子,浙江省,I65
600571,信雅达,浙江省,I65
600572,康恩贝,浙江省,C27
600573,惠泉啤酒,福建省,C15
600575,淮河能源,安徽省,G55
600576,祥源文化,浙江省,R87
600577,精达股份,安徽省,C38
600578,京能电力,北京市,D44
600579,克劳斯,山东省,C35
600580,卧龙电驱,浙江省,C38
600581,八一钢铁,新疆维吾尔自治区,C31
600582,天地科技,北京市,C35
600583,海油工程,天津市,B11
600584,长电科技,江苏省,C39
600585,海螺水泥,安徽省,C30
600586,金晶科技,山东省,C30
600587,新华医疗,山东省,C35
600588,用友网络,北京市,I65
600590,泰豪科技,江西省,C38
600592,龙溪股份,福建省,C34
600593,*ST 圣亚,辽宁省,N78
600594,益佰制药,贵州省,C27
600595,ST 中孚,河南省,C32
600596,新安股份,浙江省,C26
600597,光明乳业,上海市,C14
600598,北大荒,黑龙江省,A01
600600,青岛啤酒,山东省,C15
600602,云赛智联,上海市,I65
600603,广汇物流,四川省,S90
600604,市北高新,上海市,K70
600605,汇通能源,上海市,F51
600606,绿地控股,上海市,E48
600609,金杯汽车,辽宁省,C36
600610,中毅达,上海市,C26
600611,大众交通,上海市,G54
600612,老凤祥,上海市,C41
600613,神奇制药,上海市,C27
600615,*ST 丰华,上海市,C33
600616,金枫酒业,上海市,C15
600617,国新能源,山西省,D45
600618,氯碱化工,上海市,C26
600619,海立股份,上海市,C34
600620,天宸股份,上海市,S90
600621,华鑫股份,上海市,J67
600622,光大嘉宝,上海市,K70
600623,华谊集团,上海市,C26
600624,复旦复华,上海市,C27
600626,申达股份,上海市,C17
600628,新世界,上海市,F52
600629,华建集团,上海市,M74
600630,龙头股份,上海市,C17
600633,浙数文化,浙江省,I64
600635,大众公用,上海市,D45
600636,国新文化,上海市,I65
600637,东方明珠,上海市,I63
600638,新黄浦,上海市,K70
600639,浦东金桥,上海市,K70
600640,新国脉,上海市,I64
600641,万业企业,上海市,K70
600642,申能股份,上海市,D44
600643,爱建集团,上海市,J69
600644,乐山电力,四川省,D44
600645,中源协和,天津市,M73
600647,同达创业,上海市,F51
600648,外高桥,上海市,F51
600649,城投控股,上海市,K70
600650,锦江在线,上海市,G54
600651,飞乐音响,上海市,C38
600653,申华控股,辽宁省,F52
600655,豫园股份,上海市,F52
600657,信达地产,北京市,K70
600658,电子城,北京市,K70
600660,福耀玻璃,福建省,C30
600661,昂立教育,上海市,P82
600662,外服控股,上海市,G54
600663,陆家嘴,上海市,K70
600664,哈药股份,黑龙江省,C27
600665,天地源,陕西省,K70
600667,太极实业,江苏省,E48
600668,尖峰集团,浙江省,C30
600673,东阳光,广东省,S90
600674,川投能源,四川省,D44
600675,中华企业,上海市,K70
600676,交运股份,上海市,G54
600678,四川金顶,四川省,C30
600679,上海凤凰,上海市,C37
600681,百川能源,湖北省,D45
600682,南京新百,江苏省,F52
600683,京投发展,浙江省,K70
600684,珠江股份,广东省,K70
600685,中船防务,广东省,C37
600686,金龙汽车,福建省,C36
600688,上海石化,上海市,C25
600689,上海三毛,上海市,C17
600690,海尔智家,山东省,C38
600691,阳煤化工,山西省,C26
600692,亚通股份,上海市,K70
600693,东百集团,福建省,F52
600694,大商股份,辽宁省,F52
600696,岩石股份,上海市,C15
600697,欧亚集团,吉林省,F52
600698,湖南天雁,湖南省,C36
600699,均胜电子,浙江省,C36
600702,舍得酒业,四川省,C15
600703,三安光电,湖北省,C39
600704,物产中大,浙江省,F51
600705,中航产融,黑龙江省,J69
600706,曲江文旅,陕西省,N78
600707,彩虹股份,陕西省,C39
600708,光明地产,上海市,K70
600710,苏美达,江苏省,F51
600711,盛屯矿业,福建省,B09
600712,南宁百货,广西壮族自治区,F52
600713,南京医药,江苏省,F52
600714,金瑞矿业,青海省,C26
600715,文投控股,辽宁省,R86
600716,凤凰股份,江苏省,K70
600717,天津港,天津市,G55
600718,东软集团,辽宁省,I65
600719,大连热电,辽宁省,D44
600720,祁连山,甘肃省,C30
600721,*ST 百花,新疆维吾尔自治区,M73
600722,金牛化工,河北省,C26
600724,宁波富达,浙江省,C30
600725,云维股份,云南省,C25
600727,鲁北化工,山东省,C26
600728,佳都科技,广东省,I65
600729,重庆百货,重庆市,F52
600730,中国高科,北京市,P82
600731,湖南海利,湖南省,C26
600732,爱旭股份,上海市,C38
600733,北汽蓝谷,北京市,C36
600734,*ST 实达,福建省,C39
600735,新华锦,山东省,C19
600736,苏州高新,江苏省,K70
600737,中粮糖业,新疆维吾尔自治区,C13
600738,丽尚国潮,甘肃省,F52
600739,辽宁成大,辽宁省,F51
600740,山西焦化,山西省,C25
600741,华域汽车,上海市,C36
600742,一汽富维,吉林省,C36
600743,华远地产,湖北省,K70
600744,华银电力,湖南省,D44
600745,闻泰科技,湖北省,C39
600746,江苏索普,江苏省,C26
600748,上实发展,上海市,K70
600749,西藏旅游,西藏自治区,N78
600750,江中药业,江西省,C27
600751,海航科技,天津市,F51
600753,东方银星,福建省,F51
600754,锦江酒店,上海市,H61
600755,厦门国贸,福建省,F51
600756,浪潮软件,山东省,I65
600757,长江传媒,湖北省,R85
600758,辽宁能源,辽宁省,B06
600760,中航沈飞,山东省,C37
600761,安徽合力,安徽省,C35
600763,通策医疗,浙江省,Q83
600764,中国海防,北京市,C39
600765,中航重机,贵州省,C37
600766,*ST 园城,山东省,S90
600768,宁波富邦,浙江省,C32
600769,祥龙电业,湖北省,D46
600770,综艺股份,江苏省,S90
600771,广誉远,山西省,C27
600773,西藏城投,西藏自治区,K70
600774,汉商集团,湖北省,F52
600775,南京熊猫,江苏省,C39
600776,东方通信,浙江省,C39
600777,新潮能源,山东省,B07
600778,友好集团,新疆维吾尔自治区,F52
600779,水井坊,四川省,C15
600780,通宝能源,山西省,D44
600782,新钢股份,江西省,C31
600783,鲁信创投,山东省,J67
600784,鲁银投资,山东省,C14
600785,新华百货,宁夏回族自治区,F52
600787,中储股份,天津市,G59
600789,鲁抗医药,山东省,C27
600790,轻纺城,浙江省,L72
600791,京能置业,北京市,K70
600792,云煤能源,云南省,C25
600793,宜宾纸业,四川省,C22
600794,保税科技,江苏省,G59
600795,国电电力,辽宁省,D44
600796,钱江生化,浙江省,C26
600797,浙大网新,浙江省,I65
600798,宁波海运,浙江省,G55
600800,渤海化学,天津市,C26
600801,华新水泥,湖北省,C30
600802,福建水泥,福建省,C30
600803,新奥股份,河北省,D45
600805,悦达投资,江苏省,S90
600807,济南高新,山东省,K70
600808,马钢股份,安徽省,C31
600809,山西汾酒,山西省,C15
600810,神马股份,河南省,C28
600811,东方集团,黑龙江省,C13
600812,华北制药,河北省,C27
600814,杭州解百,浙江省,F52
600815,厦工股份,福建省,C35
600817,宇通重工,河南省,C35
600818,中路股份,上海市,C37
600819,耀皮玻璃,上海市,C30
600820,隧道股份,上海市,E48
600821,金开新能,天津市,D44
600822,上海物贸,上海市,F51
600823,世茂股份,上海市,K70
600824,益民集团,上海市,F52
600825,新华传媒,上海市,R85
600826,兰生股份,上海市,L72
600827,百联股份,上海市,F52
600828,茂业商业,四川省,F52
600829,人民同泰,黑龙江省,F51
600830,香溢融通,浙江省,L71
600831,广电网络,陕西省,I63
600833,第一医药,上海市,F52
600834,申通地铁,上海市,G54
600835,上海机电,上海市,C34
600836,上海易连,上海市,C23
600837,海通证券,上海市,J67
600838,上海九百,上海市,F52
600839,四川长虹,四川省,C39
600841,上柴股份,上海市,C34
600843,上工申贝,上海市,C35
600844,丹化科技,江苏省,C26
600845,宝信软件,上海市,I65
600846,同济科技,上海市,E48
600847,万里股份,重庆市,C38
600848,上海临港,上海市,K70
600850,电科数字,上海市,I65
600851,海欣股份,上海市,C27
600853,龙建股份,黑龙江省,E48
600854,春兰股份,江苏省,C38
600855,航天长峰,北京市,C35
600857,宁波中百,浙江省,F52
600858,银座股份,山东省,F52
600859,王府井,北京市,F52
600860,京城股份,北京市,C35
600861,北京城乡,北京市,F52
600862,中航高科,江苏省,C37
600863,内蒙华电,内蒙古自治区,D44
600864,哈投股份,黑龙江省,J67
600865,百大集团,浙江省,F52
600866,星湖科技,广东省,C14
600867,通化东宝,吉林省,C27
600868,梅雁吉祥,广东省,D44
600869,远东股份,青海省,C38
600870,*ST 厦华,福建省,C39
600871,石化油服,北京市,B11
600872,中炬高新,广东省,C14
600873,梅花生物,西藏自治区,C14
600874,创业环保,天津市,D46
600875,东方电气,四川省,C34
600876,洛阳玻璃,河南省,C30
600877,声光电科,重庆市,C39
600879,航天电子,湖北省,C35
600880,博瑞传播,四川省,R85
600881,亚泰集团,吉林省,C30
600882,妙可蓝多,上海市,C14
600883,博闻科技,云南省,C30
600884,杉杉股份,浙江省,C38
600885,宏发股份,湖北省,C38
600886,国投电力,北京市,D44
600887,伊利股份,内蒙古自治区,C14
600888,新疆众和,新疆维吾尔自治区,C39
600889,南京化纤,江苏省,C28
600892,大晟文化,广东省,I65
600893,航发动力,陕西省,C37
600894,广日股份,广东省,C34
600895,张江高科,上海市,K70
600897,厦门空港,福建省,G56
600898,ST 美讯,山东省,C39
600900,长江电力,北京市,D44
600901,江苏租赁,江苏省,J66
600903,贵州燃气,贵州省,D45
600905,三峡能源,北京市,D44
600906,财达证券,河北省,J67
600908,无锡银行,江苏省,J66
600909,华安证券,安徽省,J67
600916,中国黄金,北京市,F52
600917,重庆燃气,重庆市,D45
600918,中泰证券,山东省,J67
600919,江苏银行,江苏省,J66
600926,杭州银行,浙江省,J66
600927,永安期货,浙江省,J67
600928,西安银行,陕西省,J66
600929,雪天盐业,湖南省,C14
600933,爱柯迪,浙江省,C36
600935,华塑股份,安徽省,C26
600936,广西广电,广西壮族自治区,I63
600939,重庆建工,重庆市,E47
600941,中国移动,香港特别行政区,I63
600955,维远股份,山东省,C26
600956,新天绿能,河北省,D45
600958,东方证券,上海市,J67
600959,江苏有线,江苏省,I63
600960,渤海汽车,山东省,C36
600961,株冶集团,湖南省,C32
600962,国投中鲁,北京市,C15
600963,岳阳林纸,湖南省,C22
600965,福成股份,河北省,C13
600966,博汇纸业,山东省,C22
600967,内蒙一机,内蒙古自治区,C37
600968,海油发展,北京市,B11
600969,郴电国际,湖南省,D44
600970,中材国际,江苏省,E48
600971,恒源煤电,安徽省,B06
600973,宝胜股份,江苏省,C38
600975,新五丰,湖南省,A03
600976,健民集团,湖北省,F52
600977,中国电影,北京市,R86
600979,广安爱众,四川省,D44
600980,北矿科技,北京市,C39
600981,汇鸿集团,江苏省,F51
600982,宁波能源,浙江省,D44
600983,惠而浦,安徽省,C38
600984,建设机械,陕西省,C35
600985,淮北矿业,安徽省,B06
600986,浙文互联,浙江省,I64
600987,航民股份,浙江省,C17
600988,赤峰黄金,内蒙古自治区,B09
600989,宝丰能源,宁夏回族自治区,C26
600990,四创电子,安徽省,C39
600992,贵绳股份,贵州省,C33
600993,马应龙,湖北省,C27
600995,文山电力,云南省,D44
600996,贵广网络,贵州省,I63
600997,开滦股份,河北省,C25
600998,九州通,湖北省,F51
600999,招商证券,广东省,J67
601000,唐山港,河北省,G55
601001,晋控煤业,山西省,B06
601002,晋亿实业,浙江省,C34
601003,柳钢股份,广西壮族自治区,C31
601005,重庆钢铁,重庆市,C31
601006,大秦铁路,山西省,G53
601007,金陵饭店,江苏省,H61
601008,连云港,江苏省,G55
601009,南京银行,江苏省,J66
601010,文峰股份,江苏省,F52
601011,宝泰隆,黑龙江省,C25
601012,隆基股份,陕西省,C38
601015,陕西黑猫,陕西省,C25
601016,节能风电,北京市,D44
601018,宁波港,浙江省,G55
601019,山东出版,山东省,R85
601020,ST 华钰,西藏自治区,B09
601021,春秋航空,上海市,G56
601028,玉龙股份,山东省,F51
601038,一拖股份,河南省,C35
601058,赛轮轮胎,山东省,C29
601066,中信建投,北京市,J67
601068,中铝国际,北京市,E48
601069,西部黄金,新疆维吾尔自治区,B09
601077,渝农商行,重庆市,J66
601086,国芳集团,甘肃省,F52
601088,中国神华,北京市,B06
601098,中南传媒,湖南省,R85
601099,太平洋,云南省,J67
601100,恒立液压,江苏省,C35
601101,昊华能源,北京市,B06
601106,中国一重,黑龙江省,C35
601107,四川成渝,四川省,G54
601108,财通证券,浙江省,J67
601111,中国国航,北京市,G56
601113,ST 华鼎,浙江省,C28
601116,三江购物,浙江省,F52
601117,中国化学,北京市,E48
601118,海南橡胶,海南省,A01
601126,四方股份,北京市,C38
601127,小康股份,重庆市,C36
601128,常熟银行,江苏省,J66
601137,博威合金,浙江省,C32
601138,工业富联,广东省,C39
601139,深圳燃气,广东省,D45
601155,新城控股,江苏省,K70
601156,东航物流,上海市,G56
601158,重庆水务,重庆市,D46
601162,天风证券,湖北省,J67
601163,三角轮胎,山东省,C29
601166,兴业银行,福建省,J66
601168,西部矿业,青海省,B09
601169,北京银行,北京市,J66
601177,杭齿前进,浙江省,C34
601179,中国西电,陕西省,C38
601186,中国铁建,北京市,E48
601187,厦门银行,福建省,J66
601188,龙江交通,黑龙江省,G54
601198,东兴证券,北京市,J67
601199,江南水务,江苏省,D46
601200,上海环境,上海市,N77
601208,东材科技,四川省,C26
601211,国泰君安,上海市,J67
601212,白银有色,甘肃省,C32
601216,君正集团,内蒙古自治区,C26
601218,吉鑫科技,江苏省,C35
601222,林洋能源,江苏省,C40
601225,陕西煤业,陕西省,B06
601226,华电重工,北京市,M74
601228,广州港,广东省,G55
601229,上海银行,上海市,J66
601231,环旭电子,上海市,C39
601233,桐昆股份,浙江省,C28
601236,红塔证券,云南省,J67
601238,广汽集团,广东省,C36
601258,庞大集团,河北省,F52
601279,英利汽车,吉林省,C36
601288,农业银行,北京市,J66
601298,青岛港,山东省,G55
601311,骆驼股份,湖北省,C38
601318,中国平安,广东省,J68
601319,中国人保,北京市,J68
601326,秦港股份,河北省,G55
601328,交通银行,上海市,J66
601330,绿色动力,广东省,N77
601333,广深铁路,广东省,G53
601336,新华保险,北京市,J68
601339,百隆东方,浙江省,C17
601360,三六零,天津市,I64
601366,利群股份,山东省,F52
601368,绿城水务,广西壮族自治区,D46
601369,陕鼓动力,陕西省,C38
601375,中原证券,河南省,J67
601377,兴业证券,福建省,J67
601388,怡球资源,江苏省,C32
601390,中国中铁,北京市,E48
601398,工商银行,北京市,J66
601399,国机重装,四川省,E48
601456,国联证券,江苏省,J67
601500,通用股份,江苏省,C29
601512,中新集团,江苏省,K70
601515,东风股份,广东省,C23
601518,吉林高速,吉林省,G54
601519,大智慧,上海市,J69
601528,瑞丰银行,浙江省,J66
601555,东吴证券,江苏省,J67
601566,九牧王,福建省,C18
601567,三星医疗,浙江省,C40
601568,北元集团,陕西省,C26
601577,长沙银行,湖南省,J66
601579,会稽山,浙江省,C15
601588,北辰实业,北京市,K70
601595,上海电影,上海市,R86
601598,中国外运,北京市,G58
601599,浙文影业,江苏省,C17
601600,中国铝业,北京市,C32
601601,中国太保,上海市,J68
601606,长城军工,安徽省,C41
601607,上海医药,上海市,F52
601608,中信重工,河南省,C35
601609,金田铜业,浙江省,C32
601611,中国核建,上海市,E48
601615,明阳智能,广东省,C34
601616,广电电气,上海市,C38
601618,中国中冶,北京市,E48
601619,嘉泽新能,宁夏回族自治区,D44
601628,中国人寿,北京市,J68
601633,长城汽车,河北省,C36
601636,旗滨集团,湖南省,C30
601658,邮储银行,北京市,J66
601665,齐鲁银行,山东省,J66
601666,平煤股份,河南省,B06
601668,中国建筑,北京市,E48
601669,中国电建,北京市,E48
601677,明泰铝业,河南省,C32
601678,滨化股份,山东省,C26
601686,友发集团,天津市,C33
601688,华泰证券,江苏省,J67
601689,拓普集团,浙江省,C36
601696,中银证券,上海市,J67
601698,中国卫通,北京市,I63
601699,潞安环能,山西省,B06
601700,风范股份,江苏省,C33
601702,华峰铝业,上海市,C32
601717,郑煤机,河南省,C36
601718,际华集团,北京市,C18
601727,上海电气,上海市,C34
601728,中国电信,北京市,I63
601766,中国中车,北京市,C37
601777,力帆科技,重庆市,C36
601778,晶科科技,江西省,D44
601788,光大证券,上海市,J67
601789,宁波建工,浙江省,E48
601798,蓝科高新,甘肃省,C35
601799,星宇股份,江苏省,C36
601800,中国交建,北京市,E48
601801,皖新传媒,安徽省,R85
601808,中海油服,天津市,B11
601811,新华文轩,四川省,R85
601816,京沪高铁,北京市,G53
601818,光大银行,北京市,J66
601825,沪农商行,上海市,J66
601827,三峰环境,重庆市,N77
601828,美凯龙,上海市,L72
601838,成都银行,四川省,J66
601857,中国石油,北京市,B07
601858,中国科传,北京市,R85
601860,紫金银行,江苏省,J66
601865,福莱特,浙江省,C30
601866,中远海发,上海市,G55
601868,中国能建,北京市,E48
601869,长飞光纤,湖北省,C39
601872,招商轮船,上海市,G55
601877,正泰电器,浙江省,C38
601878,浙商证券,浙江省,J67
601880,辽港股份,辽宁省,G55
601881,中国银河,北京市,J67
601882,海天精工,浙江省,C34
601886,江河集团,北京市,E50
601888,中国中免,北京市,L72
601890,亚星锚链,江苏省,C37
601898,中煤能源,北京市,B06
601899,紫金矿业,福建省,B09
601900,南方传媒,广东省,R85
601901,方正证券,湖南省,J67
601908,京运通,北京市,C35
601916,浙商银行,浙江省,J66
601918,新集能源,安徽省,B06
601919,中远海控,天津市,G55
601921,浙版传媒,浙江省,R85
601928,凤凰传媒,江苏省,R85
601929,吉视传媒,吉林省,I63
601933,永辉超市,福建省,F52
601939,建设银行,北京市,J66
601949,中国出版,北京市,R85
601952,苏垦农发,江苏省,C13
601956,东贝集团,湖北省,C34
601958,金钼股份,陕西省,B09
601963,重庆银行,重庆市,J66
601965,中国汽研,重庆市,M74
601966,玲珑轮胎,山东省,C29
601968,宝钢包装,上海市,C33
601969,海南矿业,海南省,B08
601975,招商南油,江苏省,G55
601985,中国核电,北京市,D44
601988,中国银行,北京市,J66
601989,中国重工,北京市,C37
601990,南京证券,江苏省,J67
601991,大唐发电,北京市,D44
601992,金隅集团,北京市,C30
601995,中金公司,北京市,J67
601996,丰林集团,广西壮族自治区,C20
601997,贵阳银行,贵州省,J66
601998,中信银行,北京市,J66
601999,出版传媒,辽宁省,R85
603000,人民网,北京市,I64
603001,奥康国际,浙江省,C19
603002,宏昌电子,广东省,C39
603003,龙宇燃油,上海市,F51
603005,晶方科技,江苏省,C39
603006,联明股份,上海市,C36
603008,喜临门,浙江省,C21
603009,北特科技,上海市,C36
603010,万盛股份,浙江省,C26
603011,合锻智能,安徽省,C34
603012,创力集团,上海市,C35
603013,亚普股份,江苏省,C36
603015,弘讯科技,浙江省,C38
603016,新宏泰,江苏省,C38
603017,中衡设计,江苏省,M74
603018,华设集团,江苏省,M74
603019,中科曙光,天津市,C39
603020,爱普股份,上海市,C14
603021,山东华鹏,山东省,C30
603022,新通联,上海市,C22
603023,威帝股份,黑龙江省,C39
603025,大豪科技,北京市,C39
603026,石大胜华,山东省,C26
603027,千禾味业,四川省,C14
603028,赛福天,江苏省,C33
603029,天鹅股份,山东省,C35
603030,全筑股份,上海市,E50
603031,安德利,安徽省,F52
603032,*ST 德新,新疆维吾尔自治区,C35
603033,三维股份,浙江省,C29
603035,常熟汽饰,江苏省,C36
603036,如通股份,江苏省,C35
603037,凯众股份,上海市,C36
603038,华立股份,广东省,C41
603039,泛微网络,上海市,I65
603040,新坐标,浙江省,C33
603041,美思德,江苏省,C26
603042,华脉科技,江苏省,C39
603043,广州酒家,广东省,C14
603045,福达合金,浙江省,C38
603048,浙江黎明,浙江省,C36
603050,科林电气,河北省,C38
603051,鹿山新材,广东省,C29
603053,成都燃气,四川省,D45
603055,台华新材,浙江省,C17
603056,德邦股份,上海市,G60
603058,永吉股份,贵州省,C23
603059,倍加洁,江苏省,C41
603060,国检集团,北京市,M74
603063,禾望电气,广东省,C38
603066,音飞储存,江苏省,G59
603067,振华股份,湖北省,C26
603068,博通集成,上海市,C39
603069,海汽集团,海南省,G54
603070,万控智造,浙江省,C38
603071,物产环能,浙江省,F51
603076,乐惠国际,浙江省,C35
603077,和邦生物,四川省,C26
603078,江化微,江苏省,C26
603079,圣达生物,浙江省,C14
603080,新疆火炬,新疆维吾尔自治区,D45
603081,大丰实业,浙江省,C35
603083,剑桥科技,上海市,C39
603085,天成自控,浙江省,C36
603086,先达股份,山东省,C26
603087,甘李药业,北京市,C27
603088,宁波精达,浙江省,C35
603089,正裕工业,浙江省,C36
603090,宏盛股份,江苏省,C34
603093,南华期货,浙江省,J67
603095,越剑智能,浙江省,C35
603096,新经典,天津市,R85
603098,森特股份,北京市,E50
603099,长白山,吉林省,N78
603100,川仪股份,重庆市,C40
603101,汇嘉时代,新疆维吾尔自治区,F52
603102,百合股份,山东省,C14
603103,横店影视,浙江省,R86
603105,芯能科技,浙江省,C38
603106,恒银科技,天津市,C39
603108,润达医疗,上海市,F51
603109,神驰机电,重庆市,C34
603110,东方材料,安徽省,C26
603111,康尼机电,江苏省,C37
603112,华翔股份,山西省,C33
603113,金能科技,山东省,C25
603115,海星股份,江苏省,C39
603116,红蜻蜓,浙江省,C19
603118,共进股份,广东省,C39
603121,华培动力,上海市,C36
603122,合富中国,上海市,F51
603123,翠微股份,北京市,F52
603126,中材节能,天津市,M74
603127,昭衍新药,北京市,M73
603128,华贸物流,上海市,G58
603129,春风动力,浙江省,C37
603131,上海沪工,上海市,C34
603133,碳元科技,江苏省,C39
603136,天目湖,江苏省,N78
603138,海量数据,北京市,I65
603139,康惠制药,陕西省,C27
603150,万朗磁塑,安徽省,C29
603155,新亚强,江苏省,C26
603156,养元饮品,河北省,C15
603158,腾龙股份,江苏省,C36
603159,上海亚虹,上海市,C35
603160,汇顶科技,广东省,C39
603161,科华控股,江苏省,C36
603165,荣晟环保,浙江省,C22
603166,福达股份,广西壮族自治区,C36
603167,渤海轮渡,山东省,G55
603168,莎普爱思,浙江省,C27
603169,兰石重装,甘肃省,C35
603171,税友股份,浙江省,I65
603176,汇通集团,河北省,E48
603177,德创环保,浙江省,N77
603178,圣龙股份,浙江省,C36
603179,新泉股份,江苏省,C36
603180,金牌厨柜,福建省,C21
603181,皇马科技,浙江省,C26
603183,建研院,江苏省,M74
603185,上机数控,江苏省,C35
603186,华正新材,浙江省,C39
603187,海容冷链,山东省,C34
603188,亚邦股份,江苏省,C26
603189,网达软件,上海市,I65
603192,汇得科技,上海市,C26
603195,公牛集团,浙江省,C38
603196,日播时尚,上海市,C18
603197,保隆科技,上海市,C36
603198,迎驾贡酒,安徽省,C15
603199,九华旅游,安徽省,N78
603200,上海洗霸,上海市,N77
603203,快克股份,江苏省,C35
603208,江山欧派,浙江省,C21
603212,赛伍技术,江苏省,C29
603213,镇洋发展,浙江省,C26
603214,爱婴室,上海市,F52
603215,比依股份,浙江省,C38
603216,梦天家居,浙江省,C21
603217,元利科技,山东省,C26
603218,日月股份,浙江省,C34
603219,富佳股份,浙江省,C38
603220,中贝通信,湖北省,I65
603221,爱丽家居,江苏省,C29
603222,济民医疗,浙江省,C27
603223,恒通股份,山东省,G54
603225,新凤鸣,浙江省,C28
603226,菲林格尔,上海市,C20
603227,雪峰科技,新疆维吾尔自治区,C26
603228,景旺电子,广东省,C39
603229,奥翔药业,浙江省,C27
603230,内蒙新华,内蒙古自治区,R85
603232,格尔软件,上海市,I65
603233,大参林,广东省,F52
603236,移远通信,上海市,C39
603238,诺邦股份,浙江省,C17
603239,浙江仙通,浙江省,C36
603256,宏和科技,上海市,C30
603258,电魂网络,浙江省,I64
603259,药明康德,江苏省,M73
603260,合盛硅业,浙江省,C26
603261,立航科技,四川省,C37
603266,天龙股份,浙江省,C29
603267,鸿远电子,北京市,C39
603268,松发股份,广东省,C30
603269,海鸥股份,江苏省,C34
603277,银都股份,浙江省,C34
603278,大业股份,山东省,C33
603279,景津装备,山东省,C34
603283,赛腾股份,江苏省,C35
603286,日盈电子,江苏省,C36
603288,海天味业,广东省,C14
603289,泰瑞机器,浙江省,C35
603290,斯达半导,浙江省,C39
603297,永新光学,浙江省,C40
603298,杭叉集团,浙江省,C34
603299,苏盐井神,江苏省,C14
603300,华铁应急,浙江省,L71
603301,振德医疗,浙江省,C35
603303,得邦照明,浙江省,C38
603305,旭升股份,浙江省,C36
603306,华懋科技,福建省,C36
603308,应流股份,安徽省,C35
603309,维力医疗,广东省,C35
603311,金海高科,浙江省,C35
603313,梦百合,江苏省,C21
603315,福鞍股份,辽宁省,C34
603316,诚邦股份,浙江省,E48
603317,天味食品,四川省,C14
603318,水发燃气,辽宁省,D45
603319,湘油泵,湖南省,C36
603320,迪贝电气,浙江省,C34
603321,梅轮电梯,浙江省,C34
603322,超讯通信,广东省,I65
603323,苏农银行,江苏省,J66
603324,盛剑环境,上海市,C35
603326,我乐家居,江苏省,C21
603327,福蓉科技,四川省,C39
603328,依顿电子,广东省,C39
603329,上海雅仕,上海市,G58
603330,上海天洋,上海市,C26
603331,百达精工,浙江省,C38
603332,苏州龙杰,江苏省,C28
603333,尚纬股份,四川省,C38
603335,迪生力,广东省,C36
603336,宏辉果蔬,广东省,C13
603337,杰克股份,浙江省,C35
603338,浙江鼎力,浙江省,C35
603339,四方科技,江苏省,C34
603345,安井食品,福建省,C13
603348,文灿股份,广东省,C33
603351,威尔药业,江苏省,C27
603353,和顺石油,湖南省,F52
603355,莱克电气,江苏省,C38
603356,华菱精工,安徽省,C34
603357,设计总院,安徽省,M74
603358,华达科技,江苏省,C36
603359,东珠生态,江苏省,N77
603360,百傲化学,辽宁省,C26
603363,傲农生物,福建省,C13
603365,水星家纺,上海市,C17
603366,日出东方,江苏省,C38
603367,辰欣药业,山东省,C27
603368,柳药股份,广西壮族自治区,F51
603369,今世缘,江苏省,C15
603377,东方时尚,北京市,P82
603378,亚士创能,上海市,C26
603379,三美股份,浙江省,C26
603380,易德龙,江苏省,C39
603383,顶点软件,福建省,I65
603385,惠达卫浴,河北省,C30
603386,广东骏亚,广东省,C39
603387,基蛋生物,江苏省,C27
603388,元成股份,浙江省,E48
603389,亚振家居,江苏省,C21
603390,通达电气,广东省,C39
603392,万泰生物,北京市,C27
603393,新天然气,新疆维吾尔自治区,D45
603396,金辰股份,辽宁省,C35
603398,沐邦高科,江西省,C24
603399,吉翔股份,辽宁省,C32
603408,建霖家居,福建省,C29
603416,信捷电气,江苏省,C40
603421,鼎信通讯,山东省,I65
603429,集友股份,安徽省,C23
603439,贵州三力,贵州省,C27
603444,吉比特,福建省,I64
603456,九洲药业,浙江省,C27
603458,勘设股份,贵州省,M74
603466,风语筑,上海市,R87
603477,巨星农牧,四川省,A03
603486,科沃斯,江苏省,C38
603488,展鹏科技,江苏省,C38
603489,八方股份,江苏省,C38
603496,恒为科技,上海市,C39
603499,翔港科技,上海市,C23
603500,祥和实业,浙江省,C37
603501,韦尔股份,上海市,C39
603505,金石资源,浙江省,B10
603506,南都物业,浙江省,K70
603507,振江股份,江苏省,C38
603508,思维列控,河南省,C37
603511,爱慕股份,北京市,C18
603515,欧普照明,上海市,C38
603516,淳中科技,北京市,C39
603517,绝味食品,湖南省,C13
603518,锦泓集团,江苏省,C18
603519,立霸股份,江苏省,C38
603520,司太立,浙江省,C27
603527,众源新材,安徽省,C32
603528,多伦科技,江苏省,C39
603529,爱玛科技,天津市,C37
603530,神马电力,江苏省,C38
603533,掌阅科技,北京市,I64
603535,嘉诚国际,广东省,G59
603536,惠发食品,山东省,C13
603538,美诺华,浙江省,C27
603551,奥普家居,浙江省,C38
603555,ST 贵人,福建省,C18
603556,海兴电力,浙江省,C40
603558,健盛集团,浙江省,C17
603559,中通国脉,吉林省,I63
603565,中谷物流,上海市,G55
603566,普莱柯,河南省,C27
603567,珍宝岛,黑龙江省,C27
603568,伟明环保,浙江省,N77
603569,长久物流,北京市,L72
603577,汇金通,山东省,C33
603578,三星新材,浙江省,C30
603579,荣泰健康,上海市,C38
603580,艾艾精工,上海市,C29
603583,捷昌驱动,浙江省,C38
603585,苏利股份,江苏省,C26
603586,金麒麟,山东省,C36
603587,地素时尚,上海市,C18
603588,高能环境,北京市,N77
603589,口子窖,安徽省,C15
603590,康辰药业,北京市,C27
603595,东尼电子,浙江省,C39
603596,伯特利,安徽省,C36
603598,引力传媒,北京市,L72
603599,广信股份,安徽省,C26
603600,永艺股份,浙江省,C21
603601,再升科技,重庆市,C30
603602,纵横通信,浙江省,I65
603605,珀莱雅,浙江省,C26
603606,东方电缆,浙江省,C38
603607,京华激光,浙江省,C22
603608,天创时尚,广东省,C19
603609,禾丰股份,辽宁省,C13
603610,麒盛科技,浙江省,C21
603611,诺力股份,浙江省,C34
603612,索通发展,山东省,C30
603613,国联股份,北京市,I64
603615,茶花股份,福建省,C29
603616,韩建河山,北京市,C30
603617,君禾股份,浙江省,C34
603618,杭电股份,浙江省,C38
603619,中曼石油,上海市,B11
603626,科森科技,江苏省,C33
603628,清源股份,福建省,C41
603629,利通电子,江苏省,C33
603630,拉芳家化,广东省,C26
603633,徕木股份,上海市,C39
603636,南威软件,福建省,I65
603637,镇海股份,浙江省,E48
603638,艾迪精密,山东省,C35
603639,海利尔,山东省,C26
603648,畅联股份,上海市,L72
603650,彤程新材,上海市,C26
603655,朗博科技,江苏省,C29
603656,泰禾智能,安徽省,C35
603657,春光科技,浙江省,C29
603658,安图生物,河南省,C27
603659,璞泰来,上海市,C38
603660,苏州科达,江苏省,C39
603661,恒林股份,浙江省,C21
603662,柯力传感,浙江省,C40
603663,三祥新材,福建省,C30
603665,康隆达,浙江省,C17
603666,亿嘉和,江苏省,C35
603667,五洲新春,浙江省,C34
603668,天马科技,福建省,C13
603669,灵康药业,西藏自治区,C27
603676,卫信康,西藏自治区,C27
603677,奇精机械,浙江省,C38
603678,火炬电子,福建省,C39
603679,华体科技,四川省,C38
603680,今创集团,江苏省,C37
603681,永冠新材,上海市,C26
603682,锦和商业,上海市,L72
603683,晶华新材,上海市,C26
603685,晨丰科技,浙江省,C38
603686,福龙马,福建省,C35
603687,大胜达,浙江省,C22
603688,石英股份,江苏省,C30
603689,皖天然气,安徽省,D45
603690,至纯科技,上海市,C35
603693,江苏新能,江苏省,D44
603696,安记食品,福建省,C14
603697,有友食品,重庆市,C14
603698,航天工程,北京市,M74
603699,纽威股份,江苏省,C34
603700,宁水集团,浙江省,C40
603701,德宏股份,浙江省,C38
603703,盛洋科技,浙江省,C38
603706,东方环宇,新疆维吾尔自治区,D45
603707,健友股份,江苏省,C27
603708,家家悦,山东省,F52
603709,中源家居,浙江省,C21
603711,香飘飘,浙江省,C15
603712,七一二,天津市,C39
603713,密尔克卫,上海市,G58
603716,塞力医疗,湖北省,F51
603717,天域生态,重庆市,E48
603718,海利生物,上海市,C27
603719,良品铺子,湖北省,F52
603721,中广天择,湖南省,R86
603722,阿科力,江苏省,C26
603725,天安新材,广东省,C30
603726,朗迪集团,浙江省,C29
603727,博迈科,天津市,B11
603728,鸣志电器,上海市,C38
603729,ST 龙韵,上海市,L72
603730,岱美股份,上海市,C36
603733,仙鹤股份,浙江省,C22
603737,三棵树,福建省,C26
603738,泰晶科技,湖北省,C39
603739,蔚蓝生物,山东省,C14
603755,日辰股份,山东省,C14
603757,大元泵业,浙江省,C34
603758,秦安股份,重庆市,C36
603759,海天股份,四川省,D46
603766,隆鑫通用,重庆市,C37
603767,中马传动,浙江省,C36
603768,常青股份,安徽省,C36
603773,沃格光电,江西省,C39
603776,永安行,江苏省,M74
603777,来伊份,上海市,F52
603778,乾景园林,北京市,E48
603779,威龙股份,山东省,C15
603786,科博达,上海市,C36
603787,新日股份,江苏省,C37
603788,宁波高发,浙江省,C36
603789,星光农机,浙江省,C35
603790,雅运股份,上海市,C26
603797,联泰环保,广东省,N77
603798,康普顿,山东省,C25
603799,华友钴业,浙江省,C32
603800,道森股份,江苏省,C35
603801,志邦家居,安徽省,C21
603803,瑞斯康达,北京市,C39
603806,福斯特,浙江省,C29
603808,歌力思,广东省,C18
603809,豪能股份,四川省,C36
603810,丰山集团,江苏省,C26
603811,诚意药业,浙江省,C27
603813,原尚股份,广东省,G54
603815,交建股份,安徽省,E48
603816,顾家家居,浙江省,C21
603817,海峡环保,福建省,D46
603818,曲美家居,北京市,C21
603819,神力股份,江苏省,C38
603822,嘉澳环保,浙江省,C26
603823,百合花,浙江省,C26
603825,华扬联众,北京市,I64
603826,坤彩科技,福建省,C30
603828,柯利达,江苏省,E50
603829,洛凯股份,江苏省,C38
603833,欧派家居,广东省,C21
603836,海程邦达,山东省,L72
603838,四通股份,广东省,C30
603839,安正时尚,浙江省,C18
603843,正平股份,青海省,E48
603848,好太太,广东省,C33
603855,华荣股份,上海市,C35
603856,东宏股份,山东省,C29
603858,步长制药,山东省,C27
603859,能科科技,北京市,M74
603860,中公高科,北京市,M74
603861,白云电器,广东省,C38
603863,ST 松炀,广东省,C22
603866,桃李面包,辽宁省,C14
603867,新化股份,浙江省,C26
603868,飞科电器,上海市,C38
603869,新智认知,广西壮族自治区,I65
603871,嘉友国际,北京市,G58
603876,鼎胜新材,江苏省,C32
603877,太平鸟,浙江省,C18
603878,武进不锈,江苏省,C31
603879,永悦科技,福建省,C26
603880,南卫股份,江苏省,C27
603881,数据港,上海市,I64
603882,金域医学,广东省,Q83
603883,老百姓,湖南省,F52
603885,吉祥航空,上海市,G56
603886,元祖股份,上海市,C14
603887,城地香江,上海市,I65
603888,新华网,北京市,I64
603889,新澳股份,浙江省,C17
603890,春秋电子,江苏省,C39
603893,瑞芯微,福建省,C39
603895,天永智能,上海市,C35
603896,寿仙谷,浙江省,C27
603897,长城科技,浙江省,C38
603898,好莱客,广东省,C21
603899,晨光股份,上海市,C24
603900,莱绅通灵,江苏省,F52
603901,永创智能,浙江省,C35
603903,中持股份,北京市,N77
603906,龙蟠科技,江苏省,C26
603908,牧高笛,浙江省,C18
603909,合诚股份,福建省,M74
603912,佳力图,江苏省,C35
603915,国茂股份,江苏省,C34
603916,苏博特,江苏省,C26
603917,合力科技,浙江省,C35
603918,金桥信息,上海市,I65
603919,金徽酒,甘肃省,C15
603920,世运电路,广东省,C39
603922,金鸿顺,江苏省,C36
603926,铁流股份,浙江省,C36
603927,中科软,北京市,I65
603928,兴业股份,江苏省,C26
603929,亚翔集成,江苏省,E49
603931,格林达,浙江省,C26
603933,睿能科技,福建省,C39
603936,博敏电子,广东省,C39
603937,丽岛新材,江苏省,C33
603938,三孚股份,河北省,C26
603939,益丰药房,湖南省,F52
603948,建业股份,浙江省,C26
603949,雪龙集团,浙江省,C36
603950,长源东谷,湖北省,C36
603955,大千生态,江苏省,E48
603956,威派格,上海市,C35
603958,哈森股份,江苏省,C19
603959,百利科技,湖南省,E48
603960,克来机电,上海市,C35
603963,大理药业,云南省,C27
603966,法兰泰克,江苏省,C34
603967,中创物流,山东省,G58
603968,醋化股份,江苏省,C26
603969,银龙股份,天津市,C33
603970,中农立华,北京市,F51
603976,正川股份,重庆市,C27
603977,国泰集团,江西省,C26
603978,深圳新星,广东省,C32
603979,金诚信,北京市,B11
603980,吉华集团,浙江省,C26
603982,泉峰汽车,江苏省,C36
603983,丸美股份,广东省,C26
603985,恒润股份,江苏省,C33
603986,兆易创新,北京市,C39
603987,康德莱,上海市,C35
603988,中电电机,江苏省,C38
603989,艾华集团,湖南省,C39
603990,麦迪科技,江苏省,I65
603991,至正股份,广东省,C29
603992,松霖科技,福建省,C29
603993,洛阳钼业,河南省,B09
603995,甬金股份,浙江省,C31
603997,继峰股份,浙江省,C36
603998,方盛制药,湖南省,C27
603999,读者传媒,甘肃省,R85
605001,威奥股份,山东省,C37
605003,众望布艺,浙江省,C17
605005,合兴股份,浙江省,C36
605006,山东玻纤,山东省,C30
605007,五洲特纸,浙江省,C22
605008,长鸿高科,浙江省,C26
605009,豪悦护理,浙江省,C22
605011,杭州热电,浙江省,D44
605016,百龙创园,山东省,C14
605018,长华股份,浙江省,C36
605020,永和股份,浙江省,C26
605028,世茂能源,浙江省,D44
605033,美邦股份,陕西省,C26
605050,福然德,上海市,G58
605055,迎丰股份,浙江省,C17
605056,咸亨国际,浙江省,F51
605058,澳弘电子,江苏省,C39
605060,联德股份,浙江省,C34
605066,天正电气,浙江省,C38
605068,明新旭腾,浙江省,C19
605069,正和生态,北京市,N77
605077,华康股份,浙江省,C13
605080,浙江自然,浙江省,C17
605081,太和水,上海市,N77
605086,龙高股份,福建省,B10
605088,冠盛股份,浙江省,C36
605089,味知香,江苏省,C13
605090,九丰能源,江西省,D45
605098,行动教育,上海市,P82
605099,共创草坪,江苏省,C24
605100,华丰股份,山东省,C34
605108,同庆楼,安徽省,H62
605111,新洁能,江苏省,C39
605116,奥锐特,浙江省,C27
605117,德业股份,浙江省,C38
605118,力鼎光电,福建省,C39
605122,四方新材,重庆市,C30
605123,派克新材,江苏省,C33
605128,上海沿浦,上海市,C36
605133,嵘泰股份,江苏省,C36
605136,丽人丽妆,上海市,F52
605138,盛泰集团,浙江省,C18
605151,西上海,上海市,C36
605155,西大门,浙江省,C17
605158,华达新材,浙江省,C33
605162,新中港,浙江省,D44
605166,聚合顺,浙江省,C26
605167,利柏特,江苏省,M74
605168,三人行,陕西省,L72
605169,洪通燃气,新疆维吾尔自治区,D45
605177,东亚药业,浙江省,C27
605178,时空科技,北京市,E50
605179,一鸣食品,浙江省,C14
605180,华生科技,浙江省,C17
605183,确成股份,江苏省,C26
605186,健麾信息,上海市,C35
605188,国光连锁,江西省,F52
605189,富春染织,安徽省,C17
605196,华通线缆,河北省,C38
605198,德利股份,山东省,C15
605199,葫芦娃,海南省,C27
605208,永茂泰,上海市,C32
605218,伟时电子,江苏省,C39
605222,起帆电缆,上海市,C38
605228,神通科技,浙江省,C36
605255,天普股份,浙江省,C29
605258,协和电子,江苏省,C39
605259,绿田机械,浙江省,C34
605266,健之佳,云南省,F52
605268,王力安防,浙江省,C33
605277,新亚电子,浙江省,C38
605286,同力日升,江苏省,C34
605287,德才股份,山东省,E50
605288,凯迪股份,江苏省,C38
605289,罗曼股份,上海市,E50
605296,神农集团,云南省,A03
605298,必得科技,江苏省,C37
605299,舒华体育,福建省,C24
605300,佳禾食品,江苏省,C14
605303,园林股份,浙江省,E48
605305,中际联合,北京市,C35
605318,法狮龙,浙江省,C41
605319,无锡振华,江苏省,C36
605333,沪光股份,江苏省,C36
605336,帅丰电器,浙江省,C38
605337,李子园,浙江省,C15
605338,巴比食品,上海市,C14
605339,南侨食品,上海市,C14
605358,立昂微,浙江省,C39
605365,立达信,福建省,C38
605366,宏柏新材,江西省,C26
605368,蓝天燃气,河南省,D45
605369,拱东医疗,浙江省,C35
605376,博迁新材,江苏省,C33
605377,华旺科技,浙江省,C22
605378,野马电池,浙江省,C38
605388,均瑶健康,湖北省,C15
605389,长龄液压,江苏省,C34
605398,新炬网络,上海市,I65
605399,晨光新材,江西省,C26
605488,福莱新材,浙江省,C29
605499,东鹏饮料,广东省,C15
605500,森林包装,浙江省,C22
605507,国邦医药,浙江省,C27
605555,德昌股份,浙江省,C38
605566,福莱蒽特,浙江省,C26
605567,春雪食品,山东省,C13
605577,龙版传媒,黑龙江省,R85
605580,恒盛能源,浙江省,D44
605588,冠石科技,江苏省,C39
605589,圣泉集团,山东省,C26
605598,上海港湾,上海市,E48
605599,菜百股份,北京市,F52
688001,华兴源创,江苏省,C35
688002,睿创微纳,山东省,C39
688003,天准科技,江苏省,C35
688004,博汇科技,北京市,I65
688005,容百科技,浙江省,C38
688006,杭可科技,浙江省,C35
688007,光峰科技,广东省,C39
688008,澜起科技,上海市,C39
688009,中国通号,北京市,C37
688010,福光股份,福建省,C40
688011,新光光电,黑龙江省,C39
688012,中微公司,上海市,C35
688013,天臣医疗,江苏省,C35
688015,交控科技,北京市,C37
688016,心脉医疗,上海市,C35
688017,绿的谐波,江苏省,C34
688018,乐鑫科技,上海市,I65
688019,安集科技,上海市,C39
688020,方邦股份,广东省,C39
688021,奥福环保,山东省,C35
688022,瀚川智能,江苏省,C35
688023,安恒信息,浙江省,I65
688025,杰普特,广东省,C39
688026,洁特生物,广东省,C29
688027,国盾量子,安徽省,C39
688028,沃尔德,北京市,C35
688029,南微医学,江苏省,C35
688030,山石网科,江苏省,I65
688032,禾迈股份,浙江省,C38
688033,天宜上佳,北京市,C37
688036,传音控股,广东省,C39
688037,芯源微,辽宁省,C35
688038,中科通达,湖北省,I65
688039,当虹科技,浙江省,I65
688049,炬芯科技,广东省,C39
688050,爱博医疗,北京市,C35
688051,佳华科技,北京市,I65
688055,龙腾光电,江苏省,C39
688056,莱伯泰科,北京市,C40
688057,金达莱,江西省,N77
688058,宝兰德,北京市,I65
688059,华锐精密,湖南省,C33
688060,云涌科技,江苏省,I65
688062,迈威生物,上海市,C27
688063,派能科技,上海市,C38
688065,凯赛生物,上海市,C28
688066,航天宏图,北京市,I65
688067,爱威科技,湖南省,C35
688068,热景生物,北京市,C27
688069,德林海,江苏省,N77
688070,纵横股份,四川省,C37
688071,华依科技,上海市,C35
688075,安旭生物,浙江省,C27
688076,诺泰生物,江苏省,C27
688077,大地熊,安徽省,C30
688078,龙软科技,北京市,I65
688079,美迪凯,浙江省,C39
688080,映翰通,北京市,C39
688081,兴图新科,湖北省,C39
688082,盛美上海,上海市,C35
688083,中望软件,广东省,I65
688085,三友医疗,上海市,C35
688087,英科再生,山东省,C42
688088,虹软科技,浙江省,I65
688089,嘉必优,湖北省,C14
688090,瑞松科技,广东省,C35
688091,上海谊众,上海市,C27
688092,爱科科技,浙江省,C35
688093,世华科技,江苏省,C39
688095,福昕软件,福建省,I65
688096,京源环保,江苏省,C35
688097,博众精工,江苏省,C35
688098,申联生物,上海市,C27
688099,晶晨股份,上海市,I65
688100,威胜信息,湖南省,C39
688101,三达膜,陕西省,C35
688102,斯瑞新材,陕西省,C32
688103,国力股份,江苏省,C39
688105,诺唯赞,江苏省,M73
688106,金宏气体,江苏省,C26
688107,安路科技,上海市,C39
688108,赛诺医疗,天津市,C35
688109,品茗股份,浙江省,I65
688110,东芯股份,上海市,C35
688111,金山办公,北京市,I65
688112,鼎阳科技,广东省,C40
688113,联测科技,江苏省,C35
688116,天奈科技,江苏省,C26
688117,圣诺生物,四川省,C27
688118,普元信息,上海市,I65
688121,卓然股份,上海市,C35
688122,西部超导,陕西省,C32
688123,聚辰股份,上海市,C39
688126,沪硅产业,上海市,C39
688127,蓝特光学,浙江省,C40
688128,中国电研,广东省,C35
688129,东来技术,上海市,C26
688131,皓元医药,上海市,M73
688133,泰坦科技,上海市,M73
688135,利扬芯片,广东省,C39
688136,科兴制药,山东省,C27
688138,清溢光电,广东省,C39
688139,海尔生物,山东省,C35
688148,芳源股份,广东省,C38
688150,莱特光电,陕西省,C39
688151,华强科技,湖北省,C35
688155,先惠技术,上海市,C35
688156,路德环境,湖北省,N77
688157,松井股份,湖南省,C26
688158,优刻得,上海市,I64
688159,有方科技,广东省,C39
688160,步科股份,上海市,C40
688161,威高骨科,山东省,C35
688162,巨一科技,安徽省,C35
688163,赛伦生物,上海市,C27
688165,埃夫特,安徽省,C34
688166,博瑞医药,江苏省,C27
688167,炬光科技,陕西省,C39
688168,安博通,北京市,I65
688169,石头科技,北京市,C38
688171,纬德信息,广东省,I65
688173,希荻微,广东省,I65
688175,高凌信息,广东省,C39
688176,亚虹医药,江苏省,C27
688177,百奥泰,广东省,C27
688178,万德斯,江苏省,N77
688179,阿拉丁,上海市,M73
688180,君实生物,上海市,C27
688181,八亿时空,北京市,C39
688182,灿勤科技,江苏省,C39
688183,生益电子,广东省,C39
688185,康希诺,天津市,C27
688186,广大特材,江苏省,C33
688187,时代电气,湖南省,C37
688188,柏楚电子,上海市,I65
688189,南新制药,湖南省,C27
688190,云路股份,山东省,C31
688191,智洋创新,山东省,I65
688192,迪哲医药,江苏省,C27
688195,腾景科技,福建省,C39
688196,卓越新能,福建省,C42
688197,首药控股,北京市,C27
688198,佰仁医疗,北京市,C35
688199,久日新材,天津市,C26
688200,华峰测控,北京市,C35
688201,信安世纪,北京市,I65
688202,美迪西,上海市,M73
688206,概伦电子,上海市,I65
688208,道通科技,广东省,C39
688210,统联精密,广东省,C39
688211,中科微至,江苏省,C34
688212,澳华内镜,上海市,C35
688215,瑞晟智能,浙江省,C35
688216,气派科技,广东省,C39
688217,睿昂基因,上海市,C27
688218,江苏北人,江苏省,C35
688219,会通股份,安徽省,C29
688220,翱捷科技,上海市,C39
688221,前沿生物,江苏省,C27
688222,成都先导,四川省,M73
688223,晶科能源,江西省,C38
688225,亚信安全,江苏省,I65
688226,威腾电气,江苏省,C38
688227,品高股份,广东省,I65
688228,开普云,广东省,I65
688229,博睿数据,北京市,I65
688230,芯导科技,上海市,C39
688232,新点软件,江苏省,I65
688233,神工股份,辽宁省,C30
688234,天岳先进,山东省,C39
688235,百济神州,开曼群岛,C27
688236,春立医疗,北京市,C35
688239,航宇科技,贵州省,C37
688246,嘉和美康,北京市,I65
688248,南网科技,广东省,M74
688255,凯尔达,浙江省,C34
688256,寒武纪,北京市,I65
688257,新锐股份,江苏省,C32
688258,卓易信息,江苏省,I65
688259,创耀科技,江苏省,I65
688260,昀冢科技,江苏省,C39
688261,东微半导,江苏省,C39
688262,国芯科技,江苏省,I65
688265,南模生物,上海市,M73
688266,泽璟制药,江苏省,C27
688267,中触媒,辽宁省,C26
688268,华特气体,广东省,C26
688269,凯立新材,陕西省,C26
688270,臻镭科技,浙江省,C39
688272,富吉瑞,北京市,C39
688276,百克生物,吉林省,C27
688277,天智航,北京市,C35
688278,特宝生物,福建省,C27
688280,精进电动,北京市,C36
688283,坤恒顺维,四川省,C40
688285,高铁电气,陕西省,C37
688286,敏芯股份,江苏省,C39
688288,鸿泉物联,浙江省,C39
688289,圣湘生物,湖南省,C27
688296,和达科技,浙江省,I65
688298,东方生物,浙江省,C27
688299,长阳科技,浙江省,C29
688300,联瑞新材,江苏省,C30
688301,奕瑞科技,上海市,C35
688303,大全能源,新疆维吾尔自治区,C38
688305,科德数控,辽宁省,C34
688308,欧科亿,湖南省,C33
688310,迈得医疗,浙江省,C35
688311,盟升电子,四川省,C39
688312,燕麦科技,广东省,C35
688313,仕佳光子,河南省,C39
688314,康拓医疗,陕西省,C35
688315,诺禾致源,北京市,M74
688316,青云科技,北京市,I65
688317,之江生物,上海市,C27
688318,财富趋势,广东省,I65
688319,欧林生物,四川省,C27
688321,微芯生物,广东省,C27
688323,瑞华泰,广东省,C29
688328,深科达,广东省,C35
688329,艾隆科技,江苏省,C35
688330,宏力达,上海市,C38
688333,铂力特,陕西省,C34
688335,复洁环保,上海市,C35
688336,三生国健,上海市,C27
688338,赛科希德,北京市,C27
688339,亿华通,北京市,C38
688345,博力威,广东省,C38
688350,富淼科技,江苏省,C26
688355,明志科技,江苏省,C33
688356,键凯科技,北京市,C26
688357,建龙微纳,河南省,C26
688358,祥生医疗,江苏省,C35
688359,三孚新科,广东省,C26
688360,德马科技,浙江省,C34
688363,华熙生物,山东省,C27
688365,光云科技,浙江省,I65
688366,昊海生科,上海市,C27
688367,工大高科,安徽省,C37
688368,晶丰明源,上海市,I65
688369,致远互联,北京市,I65
688377,迪威尔,江苏省,C35
688378,奥来德,吉林省,C35
688379,华光新材,浙江省,C33
688383,新益昌,广东省,C35
688385,复旦微电,上海市,C39
688386,泛亚微透,江苏省,C29
688388,嘉元科技,广东省,C39
688389,普门科技,广东省,C35
688390,固德威,江苏省,C38
688393,安必平,广东省,C27
688395,正弦电气,广东省,C38
688396,华润微,开曼群岛,C39
688398,赛特新材,福建省,C30
688399,硕世生物,江苏省,C27
688408,中信博,江苏省,C38
688418,震有科技,广东省,C39
688425,铁建重工,湖南省,C35
688456,有研粉材,北京市,C33
688466,金科环境,北京市,N77
688468,科美诊断,北京市,C27
688488,艾迪药业,江苏省,C41
688499,利元亨,广东省,C35
688500,慧辰股份,北京市,I65
688501,青达环保,山东省,C35
688505,复旦张江,上海市,C27
688508,芯朋微,江苏省,I65
688509,正元地信,北京市,M74
688510,航亚科技,江苏省,C37
688511,天微电子,四川省,C39
688513,苑东生物,四川省,C27
688516,奥特维,江苏省,C35
688517,金冠电气,河南省,C38
688518,联赢激光,广东省,C35
688519,南亚新材,上海市,C39
688520,神州细胞,北京市,C27
688521,芯原股份,上海市,I65
688526,科前生物,湖北省,C27
688528,秦川物联,四川省,C40
688529,豪森股份,辽宁省,C35
688533,上声电子,江苏省,C39
688536,思瑞浦,江苏省,I65
688538,和辉光电,上海市,C39
688550,瑞联新材,陕西省,C26
688551,科威尔,安徽省,C35
688553,汇宇制药,四川省,C27
688556,高测股份,山东省,C35
688557,兰剑智能,山东省,C34
688558,国盛智科,江苏省,C34
688559,海目星,广东省,C35
688560,明冠新材,江西省,C29
688561,奇安信,北京市,I65
688565,力源科技,浙江省,N77
688566,吉贝尔,江苏省,C27
688567,孚能科技,江西省,C38
688568,中科星图,北京市,I65
688569,铁科轨道,北京市,C37
688571,杭华股份,浙江省,C26
688575,亚辉龙,广东省,C27
688577,浙海德曼,浙江省,C34
688578,艾力斯,上海市,C27
688579,山大地纬,山东省,I65
688580,伟思医疗,江苏省,C35
688585,上纬新材,上海市,C26
688586,江航装备,安徽省,C37
688588,凌志软件,江苏省,I65
688589,力合微,广东省,I65
688590,新致软件,上海市,I65
688595,芯海科技,广东省,C39
688596,正帆科技,上海市,C35
688597,煜邦电力,北京市,C40
688598,金博股份,湖南省,C30
688599,天合光能,江苏省,C38
688600,皖仪科技,安徽省,C40
688601,力芯微,江苏省,C39
688606,奥泰生物,浙江省,C27
688607,康众医疗,江苏省,C35
688608,恒玄科技,上海市,C39
688609,九联科技,广东省,C39
688611,杭州柯林,浙江省,C38
688613,奥精医疗,北京市,C35
688616,西力科技,浙江省,C40
688617,惠泰医疗,广东省,C35
688618,三旺通信,广东省,C39
688619,罗普特,福建省,I65
688621,阳光诺和,北京市,M73
688622,禾信仪器,广东省,C40
688625,呈和科技,广东省,C26
688626,翔宇医疗,河南省,C35
688628,优利德,广东省,C40
688630,芯碁微装,安徽省,C35
688633,星球石墨,江苏省,C35
688636,智明达,四川省,C39
688639,华恒生物,安徽省,C26
688655,迅捷兴,广东省,C39
688656,浩欧博,江苏省,C27
688658,悦康药业,北京市,C27
688659,元琛科技,安徽省,C35
688660,电气风电,上海市,C34
688661,和林微纳,江苏省,C39
688662,富信科技,广东省,C39
688663,新风光,山东省,C38
688665,四方光电,湖北省,C39
688667,菱电电控,湖北省,C39
688668,鼎通科技,广东省,C39
688669,聚石化学,广东省,C29
688670,金迪克,江苏省,C27
688676,金盘科技,海南省,C38
688677,海泰新光,山东省,C35
688678,福立旺,江苏省,C34
688679,通源环境,安徽省,N77
688680,海优新材,上海市,C29
688681,科汇股份,山东省,C38
688682,霍莱沃,上海市,I65
688683,莱尔科技,广东省,C39
688685,迈信林,江苏省,C37
688686,奥普特,广东省,C40
688687,凯因科技,北京市,C27
688689,银河微电,江苏省,C39
688690,纳微科技,江苏省,C26
688696,极米科技,四川省,C39
688697,纽威数控,江苏省,C34
688698,伟创电气,江苏省,C40
688699,明微电子,广东省,I65
688700,东威科技,江苏省,C35
688701,卓锦股份,浙江省,N77
688707,振华新材,贵州省,C26
688711,宏微科技,江苏省,C39
688718,唯赛勃,上海市,C35
688722,同益中,北京市,C28
688728,格科微,开曼群岛,C39
688733,壹石通,安徽省,C30
688737,中自科技,四川省,C26
688739,成大生物,辽宁省,C27
688766,普冉股份,上海市,C39
688767,博拓生物,浙江省,C27
688768,容知日新,安徽省,C40
688772,珠海冠宇,广东省,C38
688776,国光电气,四川省,C39
688777,中控技术,浙江省,I65
688778,厦钨新能,福建省,C38
688779,长远锂科,湖南省,C38
688786,悦安新材,江西省,C33
688787,海天瑞声,北京市,I65
688788,科思科技,广东省,C39
688789,宏华数科,浙江省,C35
688793,倍轻松,广东省,C38
688798,艾为电子,上海市,C39
688799,华纳药厂,湖南省,C27
688800,瑞可达,江苏省,C39
688819,天能股份,浙江省,C38
688981,中芯国际,开曼群岛,C39
689009,九号公司,开曼群岛,C39
830799,艾融软件,上海市,I65
830832,齐鲁华信,山东省,C26
830839,万通液压,山东省,C34
830879,基康仪器,北京市,C40
830946,森萱医药,江苏省,C27
830964,润农节水,河北省,C29
831010,凯添燃气,宁夏回族自治区,D45
831039,国义招标,广东省,M74
831087,秋乐种业,河南省,A01
831152,昆工科技,云南省,C35
831167,鑫汇科,广东省,C39
831195,三祥科技,山东省,C29
831278,泰德股份,山东省,C34
831305,海希通讯,上海市,C40
831370,新安洁,重庆市,N78
831445,龙竹科技,福建省,C21
831526,凯华材料,天津市,C39
831641,格利尔,江苏省,C38
831689,克莱特,山东省,C34
831726,朱老六,吉林省,C14
831768,拾比佰,广东省,C33
831832,科达自控,山西省,I65
831834,三维股份,江苏省,C29
831856,浩淼科技,安徽省,C35
831961,创远仪器,上海市,C40
832000,安徽凤凰,安徽省,C36
832089,禾昌聚合,江苏省,C29
832110,雷特科技,广东省,C39
832145,恒合股份,北京市,N77
832171,志晟信息,河北省,I65
832225,利通科技,河南省,C29
832278,鹿得医疗,江苏省,C35
832317,观典防务,北京市,M75
832419,路斯股份,山东省,C13
832491,奥迪威,广东省,C39
832566,梓橦宫,四川省,C27
832662,方盛股份,江苏省,C34
832735,德源药业,江苏省,C27
832876,慧为智能,广东省,C39
832885,星辰科技,广西壮族自治区,C40
833075,柏星龙,广东省,C23
833171,福建国航,福建省,G55
833230,欧康医药,四川省,C27
833266,生物谷,云南省,C27
833346,威贸电子,上海市,C39
833427,华维设计,江西省,M74
833429,康比特,北京市,C14
833454,同心传动,河南省,C36
833509,同惠电子,江苏省,C40
833523,德瑞锂电,广东省,C38
833533,骏创科技,江苏省,C36
833580,科创新材,河南省,C30
833781,瑞奇工程,四川省,C35
833819,颖泰生物,北京市,C26
833873,中设咨询,重庆市,M74
833874,泰祥股份,湖北省,C36
833914,远航合金,江苏省,C32
833943,优机股份,四川省,C34
833994,翰博高新,安徽省,C39
834014,特瑞斯,江苏省,C35
834021,流金岁月,北京市,I63
834033,康普化学,重庆市,C26
834062,科润智控,浙江省,C38
834415,恒拓开源,河南省,I65
834475,三友科技,浙江省,C35
834599,同力股份,陕西省,C35
834639,晨光电缆,浙江省,C38
834682,球冠电缆,浙江省,C38
834765,美之高,广东省,C21
834950,迅安科技,江苏省,C39
835174,五新隧装,湖南省,C35
835179,凯德石英,北京市,C30
835184,国源科技,北京市,I65
835185,贝特瑞,广东省,C30
835207,众诚科技,河南省,I65
835237,力佳科技,广东省,C38
835305,云创数据,江苏省,I65
835368,连城数控,辽宁省,C38
835508,殷图网联,北京市,I65
835640,富士达,陕西省,C39
835670,数字人,山东省,I65
835892,中科美菱,安徽省,C35
835985,海泰新能,河北省,C38
836077,吉林碳谷,吉林省,C28
836149,旭杰科技,江苏省,C30
836239,长虹能源,四川省,C38
836247,华密股份,河北省,C29
836260,中寰股份,四川省,C40
836263,中航泰达,北京市,N77
836270,天铭科技,浙江省,C34
836395,朗鸿科技,浙江省,C39
836414,欧普泰,上海市,C35
836433,大唐药业,内蒙古自治区,C27
836675,秉扬科技,四川省,C30
836720,吉冈精密,江苏省,C33
836807,奔朗新材,广东省,C30
836826,盖世食品,辽宁省,C13
836871,派特尔,广东省,C29
836892,广咨国际,广东省,M74
836942,恒立钻具,湖北省,C35
836957,汉维科技,广东省,C26
837046,亿能电力,江苏省,C38
837092,汉鑫科技,山东省,I65
837212,智新电子,山东省,C39
837242,建邦科技,山东省,L72
837344,三元基因,北京市,C27
837821,则成电子,广东省,C39
838030,德众汽车,湖南省,F52
838163,方大股份,河北省,C29
838171,邦德股份,山东省,C36
838227,美登科技,浙江省,I65
838262,太湖雪,江苏省,C17
838275,驱动力,广东省,C13
838402,硅烷科技,河南省,C26
838670,恒进感应,湖北省,C34
838810,春光药装,辽宁省,C35
838924,广脉科技,浙江省,I65
838971,天马新材,河南省,C39
839167,同享科技,江苏省,C32
839680,广道高新,广东省,I65
839725,惠丰钻石,河南省,C30
839729,永顺生物,广东省,C27
839790,联迪信息,江苏省,I65
839946,华阳变速,湖北省,C36
870199,倍益康,四川省,C39
870204,沪江材料,江苏省,C29
870299,灿能电力,江苏省,C40
870357,雅葆轩,安徽省,C39
870436,大地电气,江苏省,C36
870508,丰安股份,浙江省,C34
870866,绿亨科技,广东省,C26
871245,威博液压,江苏省,C34
871396,常辅股份,江苏省,C40
871553,凯腾精工,北京市,C35
871634,新威凌,湖南省,C33
871642,通易航天,江苏省,C29
871753,天纺标,天津市,M74
871857,泓禧科技,重庆市,C39
871970,大禹生物,山西省,C14
871981,晶赛科技,安徽省,C39
872190,雷神科技,山东省,C39
872374,云里物里,广东省,C39
872392,佳合科技,江苏省,C22
872808,曙光节能,北京市,C34
872925,锦好医疗,广东省,C35
873001,纬达光电,广东省,C39
873122,中纺标,北京市,M74
873169,七丰精工,浙江省,C34
873223,荣亿精密,浙江省,C34
873305,九菱科技,湖北省,C33
873339,恒太照明,江苏省,C38
900929,锦旅B股,上海市,L72
900939,汇丽B,上海市,E50
900948,伊泰B股,内蒙古自治区,B06
900953,凯马B,上海市,C36
900957,凌云B股,上海市,K70
